Date,month,year,NAV,Amount_Invested,Units_Bought,,Day_of_Month,Occurrences,Total_Units_Bought,Avg_Units_Per_Occurrence
7,7,2016,27.7674,2000,72.0269,,26,75,2655.2367,35.4032
8,7,2016,27.7431,2000,72.09,,15,74,2596.6084,35.0893
11,7,2016,27.9376,2000,71.5881,,14,75,2627.5872,35.0345
12,7,2016,27.9064,2000,71.6681,,27,85,2974.9293,34.9992
13,7,2016,27.6562,2000,72.3165,,7,82,2861.141,34.892
14,7,2016,27.959,2000,71.5333,,22,83,2894.9523,34.8789
15,7,2016,27.8078,2000,71.9223,,28,82,2858.7549,34.8629
18,7,2016,27.6777,2000,72.2603,,20,83,2886.4396,34.7764
19,7,2016,27.6126,2000,72.4307,,21,79,2726.2739,34.5098
20,7,2016,27.9356,2000,71.5932,,3,83,2856.0441,34.4102
21,7,2016,27.764,2000,72.0357,,17,81,2785.945,34.3944
22,7,2016,27.9638,2000,71.521,,19,82,2819.3767,34.3826
25,7,2016,28.3896,2000,70.4483,,8,82,2817.9627,34.3654
26,7,2016,28.0854,2000,71.2114,,1,76,2607.1508,34.3046
27,7,2016,28.1828,2000,70.9653,,9,84,2873.3043,34.206
28,7,2016,28.3174,2000,70.628,,30,75,2562.7533,34.17
29,7,2016,28.2415,2000,70.8178,,31,49,1673.2578,34.1481
1,8,2016,28.0998,2000,71.1749,,18,82,2799.4916,34.1401
2,8,2016,27.9844,2000,71.4684,,23,84,2865.4257,34.1122
3,8,2016,27.6866,2000,72.2371,,24,82,2785.8991,33.9744
4,8,2016,27.7724,2000,72.0139,,16,84,2851.1812,33.9426
5,8,2016,28.2368,2000,70.8296,,29,73,2474.4166,33.8961
8,8,2016,28.3404,2000,70.5706,,25,75,2537.1378,33.8285
9,8,2016,28.2952,2000,70.6834,,6,85,2873.3759,33.8044
10,8,2016,27.9746,2000,71.4934,,5,81,2736.2869,33.7813
11,8,2016,27.8298,2000,71.8654,,11,82,2768.0975,33.7573
12,8,2016,27.9064,2000,71.6681,,13,82,2761.7666,33.6801
16,8,2016,27.7947,2000,71.9562,,12,84,2801.7839,33.3546
17,8,2016,28.0073,2000,71.41,,4,80,2663.3183,33.2915
18,8,2016,28.2709,2000,70.7441,,10,80,2659.0427,33.238
19,8,2016,28.4965,2000,70.1841,,2,75,2471.2247,32.9497
22,8,2016,28.5345,2000,70.0906,,,,,
23,8,2016,28.669,2000,69.7618,,,,,
24,8,2016,28.8401,2000,69.3479,,,,,
25,8,2016,28.9131,2000,69.1728,,,,,
26,8,2016,28.8309,2000,69.37,,,,,
29,8,2016,28.766,2000,69.5265,,,,,
30,8,2016,29.0702,2000,68.799,,,,,
31,8,2016,29.1827,2000,68.5338,,,,,
1,9,2016,29.1162,2000,68.6903,,,,,
2,9,2016,29.3469,2000,68.1503,,,,,
6,9,2016,29.6331,2000,67.4921,,,,,
7,9,2016,29.7103,2000,67.3167,,,,,
8,9,2016,30.0481,2000,66.5599,,,,,
9,9,2016,29.78,2000,67.1592,,,,,
12,9,2016,29.1599,2000,68.5873,,,,,
14,9,2016,29.5912,2000,67.5877,,,,,
15,9,2016,29.7718,2000,67.1777,,,,,
16,9,2016,29.7702,2000,67.1813,,,,,
19,9,2016,29.9993,2000,66.6682,,,,,
20,9,2016,29.986,2000,66.6978,,,,,
21,9,2016,30.0691,2000,66.5135,,,,,
22,9,2016,30.2928,2000,66.0223,,,,,
23,9,2016,30.222,2000,66.177,,,,,
26,9,2016,30.259,2000,66.096,,,,,
27,9,2016,30.2284,2000,66.1629,,,,,
28,9,2016,30.4428,2000,65.697,,,,,
29,9,2016,29.1606,2000,68.5857,,,,,
30,9,2016,29.7125,2000,67.3117,,,,,
3,10,2016,30.4272,2000,65.7307,,,,,
4,10,2016,30.8303,2000,64.8712,,,,,
5,10,2016,31.1041,2000,64.3002,,,,,
6,10,2016,31.0419,2000,64.429,,,,,
7,10,2016,31.0488,2000,64.4147,,,,,
10,10,2016,31.2211,2000,64.0592,,,,,
13,10,2016,30.6582,2000,65.2354,,,,,
14,10,2016,31.0735,2000,64.3635,,,,,
17,10,2016,30.9764,2000,64.5653,,,,,
18,10,2016,31.5057,2000,63.4806,,,,,
19,10,2016,31.6578,2000,63.1756,,,,,
20,10,2016,31.93,2000,62.637,,,,,
21,10,2016,31.9084,2000,62.6794,,,,,
24,10,2016,32.0722,2000,62.3593,,,,,
25,10,2016,32.0855,2000,62.3335,,,,,
26,10,2016,31.9678,2000,62.563,,,,,
27,10,2016,31.82,2000,62.8536,,,,,
28,10,2016,32.0857,2000,62.3331,,,,,
1,11,2016,32.2525,2000,62.0107,,,,,
2,11,2016,31.6288,2000,63.2335,,,,,
3,11,2016,31.2326,2000,64.0357,,,,,
4,11,2016,30.7379,2000,65.0663,,,,,
7,11,2016,31.2431,2000,64.0141,,,,,
8,11,2016,31.1976,2000,64.1075,,,,,
9,11,2016,30.5639,2000,65.4367,,,,,
10,11,2016,31.0077,2000,64.5001,,,,,
11,11,2016,29.9199,2000,66.8451,,,,,
15,11,2016,28.5417,2000,70.0729,,,,,
16,11,2016,28.5645,2000,70.017,,,,,
17,11,2016,28.4196,2000,70.374,,,,,
18,11,2016,28.5201,2000,70.126,,,,,
21,11,2016,27.5783,2000,72.5208,,,,,
22,11,2016,27.8363,2000,71.8486,,,,,
23,11,2016,28.3772,2000,70.4791,,,,,
24,11,2016,28.4007,2000,70.4208,,,,,
25,11,2016,28.9264,2000,69.141,,,,,
28,11,2016,29.1549,2000,68.5991,,,,,
29,11,2016,29.3043,2000,68.2494,,,,,
30,11,2016,29.7929,2000,67.1301,,,,,
1,12,2016,29.5886,2000,67.5936,,,,,
2,12,2016,29.1835,2000,68.5319,,,,,
5,12,2016,29.2083,2000,68.4737,,,,,
6,12,2016,29.3637,2000,68.1113,,,,,
7,12,2016,29.1457,2000,68.6208,,,,,
8,12,2016,29.5426,2000,67.6988,,,,,
9,12,2016,29.7271,2000,67.2787,,,,,
12,12,2016,29.5146,2000,67.7631,,,,,
13,12,2016,29.5318,2000,67.7236,,,,,
14,12,2016,29.401,2000,68.0249,,,,,
15,12,2016,29.4785,2000,67.8461,,,,,
16,12,2016,29.4664,2000,67.8739,,,,,
19,12,2016,29.3497,2000,68.1438,,,,,
20,12,2016,29.0965,2000,68.7368,,,,,
21,12,2016,29.0321,2000,68.8893,,,,,
22,12,2016,28.5896,2000,69.9555,,,,,
23,12,2016,28.6377,2000,69.838,,,,,
26,12,2016,28.0927,2000,71.1929,,,,,
27,12,2016,28.5143,2000,70.1402,,,,,
28,12,2016,28.7153,2000,69.6493,,,,,
29,12,2016,28.9244,2000,69.1458,,,,,
30,12,2016,29.2741,2000,68.3198,,,,,
2,1,2017,29.4754,2000,67.8532,,,,,
3,1,2017,29.7878,2000,67.1416,,,,,
4,1,2017,29.963,2000,66.749,,,,,
5,1,2017,30.2331,2000,66.1527,,,,,
6,1,2017,30.1177,2000,66.4061,,,,,
9,1,2017,30.3112,2000,65.9822,,,,,
10,1,2017,30.5708,2000,65.4219,,,,,
11,1,2017,30.8762,2000,64.7748,,,,,
12,1,2017,30.8371,2000,64.8569,,,,,
13,1,2017,30.7873,2000,64.9619,,,,,
16,1,2017,31.0579,2000,64.3959,,,,,
17,1,2017,31.0563,2000,64.3992,,,,,
18,1,2017,31.261,2000,63.9775,,,,,
19,1,2017,31.3406,2000,63.815,,,,,
20,1,2017,30.9626,2000,64.5941,,,,,
23,1,2017,31.1461,2000,64.2135,,,,,
24,1,2017,31.2542,2000,63.9914,,,,,
25,1,2017,31.4698,2000,63.553,,,,,
27,1,2017,31.5861,2000,63.319,,,,,
30,1,2017,31.6192,2000,63.2527,,,,,
31,1,2017,31.2427,2000,64.015,,,,,
1,2,2017,31.7502,2000,62.9917,,,,,
2,2,2017,32.04,2000,62.422,,,,,
3,2,2017,32.258,2000,62.0001,,,,,
6,2,2017,32.6246,2000,61.3034,,,,,
7,2,2017,32.4003,2000,61.7278,,,,,
8,2,2017,32.3428,2000,61.8376,,,,,
9,2,2017,32.3908,2000,61.7459,,,,,
10,2,2017,32.3824,2000,61.7619,,,,,
13,2,2017,32.0705,2000,62.3626,,,,,
14,2,2017,31.9115,2000,62.6733,,,,,
15,2,2017,31.3162,2000,63.8647,,,,,
16,2,2017,31.7586,2000,62.9751,,,,,
17,2,2017,32.0095,2000,62.4815,,,,,
20,2,2017,32.2657,2000,61.9853,,,,,
21,2,2017,32.4695,2000,61.5963,,,,,
22,2,2017,32.3185,2000,61.8841,,,,,
23,2,2017,32.2888,2000,61.941,,,,,
27,2,2017,32.3431,2000,61.837,,,,,
28,2,2017,32.4449,2000,61.643,,,,,
1,3,2017,32.6595,2000,61.2379,,,,,
2,3,2017,32.2967,2000,61.9258,,,,,
3,3,2017,32.3645,2000,61.7961,,,,,
6,3,2017,32.5486,2000,61.4466,,,,,
7,3,2017,32.5747,2000,61.3973,,,,,
8,3,2017,32.4234,2000,61.6838,,,,,
9,3,2017,32.5436,2000,61.456,,,,,
10,3,2017,32.5759,2000,61.3951,,,,,
14,3,2017,32.914,2000,60.7644,,,,,
15,3,2017,33.1073,2000,60.4096,,,,,
16,3,2017,33.3058,2000,60.0496,,,,,
17,3,2017,33.2668,2000,60.12,,,,,
20,3,2017,33.3581,2000,59.9555,,,,,
21,3,2017,33.2756,2000,60.1041,,,,,
22,3,2017,33.0763,2000,60.4663,,,,,
23,3,2017,33.2967,2000,60.066,,,,,
24,3,2017,33.5623,2000,59.5907,,,,,
27,3,2017,33.5745,2000,59.569,,,,,
28,3,2017,33.7436,2000,59.2705,,,,,
29,3,2017,34.0254,2000,58.7796,,,,,
30,3,2017,34.3283,2000,58.261,,,,,
31,3,2017,34.596,2000,57.8102,,,,,
3,4,2017,35.149,2000,56.9006,,,,,
5,4,2017,35.6929,2000,56.0336,,,,,
6,4,2017,35.8126,2000,55.8463,,,,,
7,4,2017,35.6802,2000,56.0535,,,,,
10,4,2017,36.0176,2000,55.5284,,,,,
11,4,2017,36.5727,2000,54.6856,,,,,
12,4,2017,36.352,2000,55.0176,,,,,
13,4,2017,36.4325,2000,54.896,,,,,
17,4,2017,36.4502,2000,54.8694,,,,,
18,4,2017,36.2504,2000,55.1718,,,,,
19,4,2017,36.4911,2000,54.8079,,,,,
20,4,2017,36.7891,2000,54.3639,,,,,
21,4,2017,36.8588,2000,54.2611,,,,,
24,4,2017,37.1759,2000,53.7983,,,,,
25,4,2017,37.286,2000,53.6394,,,,,
26,4,2017,36.9247,2000,54.1643,,,,,
27,4,2017,37.0394,2000,53.9966,,,,,
28,4,2017,37.2071,2000,53.7532,,,,,
2,5,2017,37.2706,2000,53.6616,,,,,
3,5,2017,37.537,2000,53.2808,,,,,
4,5,2017,37.6949,2000,53.0576,,,,,
5,5,2017,37.2085,2000,53.7512,,,,,
8,5,2017,37.4735,2000,53.371,,,,,
9,5,2017,37.5306,2000,53.2898,,,,,
10,5,2017,37.8085,2000,52.8982,,,,,
11,5,2017,37.6769,2000,53.0829,,,,,
12,5,2017,37.4415,2000,53.4167,,,,,
15,5,2017,37.6417,2000,53.1326,,,,,
16,5,2017,37.9275,2000,52.7322,,,,,
17,5,2017,37.9058,2000,52.7624,,,,,
18,5,2017,37.1729,2000,53.8026,,,,,
19,5,2017,36.9077,2000,54.1892,,,,,
22,5,2017,36.567,2000,54.6941,,,,,
23,5,2017,35.9214,2000,55.6771,,,,,
24,5,2017,35.2645,2000,56.7143,,,,,
25,5,2017,36.0254,2000,55.5164,,,,,
26,5,2017,36.6092,2000,54.6311,,,,,
29,5,2017,36.1883,2000,55.2665,,,,,
30,5,2017,36.1354,2000,55.3474,,,,,
31,5,2017,36.5034,2000,54.7894,,,,,
1,6,2017,36.8285,2000,54.3058,,,,,
2,6,2017,37.057,2000,53.9709,,,,,
5,6,2017,37.3065,2000,53.61,,,,,
6,6,2017,37.0999,2000,53.9085,,,,,
7,6,2017,37.2616,2000,53.6746,,,,,
8,6,2017,37.5963,2000,53.1967,,,,,
9,6,2017,37.822,2000,52.8793,,,,,
12,6,2017,37.5969,2000,53.1959,,,,,
13,6,2017,37.6104,2000,53.1768,,,,,
14,6,2017,37.7682,2000,52.9546,,,,,
15,6,2017,37.8108,2000,52.8949,,,,,
16,6,2017,38.0271,2000,52.5941,,,,,
19,6,2017,38.1823,2000,52.3803,,,,,
20,6,2017,38.2596,2000,52.2745,,,,,
21,6,2017,38.1908,2000,52.3686,,,,,
22,6,2017,37.8754,2000,52.8047,,,,,
23,6,2017,37.2026,2000,53.7597,,,,,
27,6,2017,36.6502,2000,54.57,,,,,
28,6,2017,36.7385,2000,54.4388,,,,,
29,6,2017,37.0023,2000,54.0507,,,,,
30,6,2017,37.0185,2000,54.027,,,,,
3,7,2017,37.4818,2000,53.3592,,,,,
4,7,2017,37.7342,2000,53.0023,,,,,
5,7,2017,38.1961,2000,52.3614,,,,,
6,7,2017,38.6738,2000,51.7146,,,,,
7,7,2017,38.7015,2000,51.6776,,,,,
10,7,2017,38.8814,2000,51.4385,,,,,
11,7,2017,38.7379,2000,51.629,,,,,
12,7,2017,38.9057,2000,51.4063,,,,,
13,7,2017,39.0792,2000,51.1781,,,,,
14,7,2017,38.777,2000,51.577,,,,,
17,7,2017,38.8602,2000,51.4665,,,,,
18,7,2017,38.6336,2000,51.7684,,,,,
19,7,2017,39.0227,2000,51.2522,,,,,
20,7,2017,39.2181,2000,50.9969,,,,,
21,7,2017,39.2226,2000,50.991,,,,,
24,7,2017,39.1473,2000,51.0891,,,,,
25,7,2017,39.0584,2000,51.2054,,,,,
26,7,2017,39.2097,2000,51.0078,,,,,
27,7,2017,38.7983,2000,51.5487,,,,,
28,7,2017,38.9909,2000,51.294,,,,,
31,7,2017,39.0766,2000,51.1815,,,,,
1,8,2017,39.0396,2000,51.23,,,,,
2,8,2017,39.1108,2000,51.1368,,,,,
3,8,2017,38.7885,2000,51.5617,,,,,
4,8,2017,38.8935,2000,51.4225,,,,,
7,8,2017,39.0429,2000,51.2257,,,,,
8,8,2017,38.5628,2000,51.8635,,,,,
9,8,2017,37.8617,2000,52.8238,,,,,
10,8,2017,36.7744,2000,54.3857,,,,,
11,8,2017,36.7682,2000,54.3948,,,,,
14,8,2017,37.451,2000,53.4031,,,,,
16,8,2017,38.0128,2000,52.6139,,,,,
17,8,2017,38.2201,2000,52.3285,,,,,
18,8,2017,38.0129,2000,52.6137,,,,,
21,8,2017,37.6703,2000,53.0922,,,,,
22,8,2017,37.6313,2000,53.1472,,,,,
23,8,2017,37.9777,2000,52.6625,,,,,
24,8,2017,38.1163,2000,52.471,,,,,
28,8,2017,38.4866,2000,51.9661,,,,,
29,8,2017,38.1032,2000,52.489,,,,,
30,8,2017,38.6033,2000,51.809,,,,,
31,8,2017,38.874,2000,51.4483,,,,,
1,9,2017,39.2838,2000,50.9116,,,,,
4,9,2017,39.1536,2000,51.0809,,,,,
5,9,2017,39.4054,2000,50.7545,,,,,
6,9,2017,39.4527,2000,50.6936,,,,,
7,9,2017,39.4573,2000,50.6877,,,,,
8,9,2017,39.4375,2000,50.7132,,,,,
11,9,2017,39.6123,2000,50.4894,,,,,
12,9,2017,39.9544,2000,50.0571,,,,,
13,9,2017,39.6468,2000,50.4454,,,,,
14,9,2017,39.8281,2000,50.2158,,,,,
15,9,2017,39.6929,2000,50.3868,,,,,
18,9,2017,40.114,2000,49.8579,,,,,
19,9,2017,40.221,2000,49.7253,,,,,
20,9,2017,40.1904,2000,49.7631,,,,,
21,9,2017,39.9964,2000,50.0045,,,,,
22,9,2017,39.1562,2000,51.0775,,,,,
25,9,2017,38.3978,2000,52.0863,,,,,
26,9,2017,38.9157,2000,51.3931,,,,,
27,9,2017,38.2877,2000,52.2361,,,,,
28,9,2017,38.5168,2000,51.9254,,,,,
29,9,2017,39.0236,2000,51.251,,,,,
3,10,2017,39.0458,2000,51.2219,,,,,
4,10,2017,39.3586,2000,50.8148,,,,,
5,10,2017,39.7704,2000,50.2887,,,,,
6,10,2017,40.1663,2000,49.793,,,,,
9,10,2017,40.5564,2000,49.314,,,,,
10,10,2017,40.9493,2000,48.8409,,,,,
11,10,2017,40.5655,2000,49.303,,,,,
12,10,2017,40.9625,2000,48.8251,,,,,
13,10,2017,41.0703,2000,48.697,,,,,
16,10,2017,41.0899,2000,48.6738,,,,,
17,10,2017,41.344,2000,48.3746,,,,,
18,10,2017,41.4506,2000,48.2502,,,,,
23,10,2017,41.5325,2000,48.1551,,,,,
24,10,2017,41.7904,2000,47.8579,,,,,
25,10,2017,41.683,2000,47.9812,,,,,
26,10,2017,41.9931,2000,47.6269,,,,,
27,10,2017,42.192,2000,47.4024,,,,,
30,10,2017,42.5952,2000,46.9536,,,,,
31,10,2017,42.7043,2000,46.8337,,,,,
1,11,2017,43.028,2000,46.4814,,,,,
2,11,2017,43.1671,2000,46.3316,,,,,
3,11,2017,43.233,2000,46.261,,,,,
6,11,2017,43.3194,2000,46.1687,,,,,
7,11,2017,43.1609,2000,46.3382,,,,,
8,11,2017,42.6523,2000,46.8908,,,,,
9,11,2017,43.018,2000,46.4922,,,,,
10,11,2017,42.9939,2000,46.5182,,,,,
13,11,2017,42.7426,2000,46.7917,,,,,
14,11,2017,42.7164,2000,46.8204,,,,,
15,11,2017,42.1197,2000,47.4837,,,,,
16,11,2017,42.6422,2000,46.9019,,,,,
17,11,2017,42.86,2000,46.6636,,,,,
20,11,2017,43.0862,2000,46.4186,,,,,
21,11,2017,43.3265,2000,46.1611,,,,,
22,11,2017,43.6441,2000,45.8252,,,,,
23,11,2017,43.7911,2000,45.6714,,,,,
24,11,2017,43.9299,2000,45.5271,,,,,
27,11,2017,44.5514,2000,44.892,,,,,
28,11,2017,44.8449,2000,44.5982,,,,,
29,11,2017,44.8412,2000,44.6018,,,,,
30,11,2017,45.0454,2000,44.3997,,,,,
1,12,2017,44.7306,2000,44.7121,,,,,
4,12,2017,44.5619,2000,44.8814,,,,,
5,12,2017,44.6116,2000,44.8314,,,,,
6,12,2017,44.4558,2000,44.9885,,,,,
7,12,2017,44.911,2000,44.5325,,,,,
8,12,2017,45.3615,2000,44.0903,,,,,
11,12,2017,45.3639,2000,44.0879,,,,,
12,12,2017,45.0835,2000,44.3621,,,,,
13,12,2017,44.9577,2000,44.4863,,,,,
14,12,2017,44.8932,2000,44.5502,,,,,
15,12,2017,45.259,2000,44.1901,,,,,
18,12,2017,45.5999,2000,43.8597,,,,,
19,12,2017,46.3316,2000,43.1671,,,,,
20,12,2017,46.6991,2000,42.8274,,,,,
21,12,2017,47.1654,2000,42.404,,,,,
22,12,2017,47.4527,2000,42.1472,,,,,
26,12,2017,47.884,2000,41.7676,,,,,
27,12,2017,47.4469,2000,42.1524,,,,,
28,12,2017,47.4859,2000,42.1178,,,,,
29,12,2017,47.7075,2000,41.9221,,,,,
1,1,2018,47.7222,2000,41.9092,,,,,
2,1,2018,47.4138,2000,42.1818,,,,,
3,1,2018,47.8757,2000,41.7748,,,,,
4,1,2018,48.3137,2000,41.3961,,,,,
5,1,2018,48.8764,2000,40.9195,,,,,
8,1,2018,49.4137,2000,40.4746,,,,,
9,1,2018,49.402,2000,40.4842,,,,,
10,1,2018,49.3737,2000,40.5074,,,,,
11,1,2018,49.6022,2000,40.3208,,,,,
12,1,2018,49.5703,2000,40.3467,,,,,
15,1,2018,49.8026,2000,40.1585,,,,,
16,1,2018,48.8802,2000,40.9164,,,,,
17,1,2018,49.0705,2000,40.7577,,,,,
18,1,2018,48.143,2000,41.5429,,,,,
19,1,2018,48.3574,2000,41.3587,,,,,
22,1,2018,48.6694,2000,41.0936,,,,,
23,1,2018,49.0154,2000,40.8035,,,,,
24,1,2018,48.5626,2000,41.184,,,,,
25,1,2018,48.0565,2000,41.6177,,,,,
29,1,2018,47.5996,2000,42.0172,,,,,
30,1,2018,46.9133,2000,42.6318,,,,,
31,1,2018,46.5399,2000,42.9739,,,,,
1,2,2018,46.7202,2000,42.808,,,,,
2,2,2018,45.0081,2000,44.4364,,,,,
5,2,2018,44.9954,2000,44.449,,,,,
6,2,2018,44.336,2000,45.1101,,,,,
7,2,2018,45.1817,2000,44.2657,,,,,
8,2,2018,46.1777,2000,43.3109,,,,,
9,2,2018,46.1967,2000,43.2931,,,,,
12,2,2018,46.7731,2000,42.7596,,,,,
14,2,2018,46.77,2000,42.7625,,,,,
15,2,2018,46.296,2000,43.2003,,,,,
16,2,2018,45.5916,2000,43.8677,,,,,
19,2,2018,45.2221,2000,44.2262,,,,,
20,2,2018,45.2442,2000,44.2046,,,,,
21,2,2018,45.0943,2000,44.3515,,,,,
22,2,2018,44.9352,2000,44.5085,,,,,
23,2,2018,45.5824,2000,43.8766,,,,,
26,2,2018,46.0457,2000,43.4351,,,,,
27,2,2018,45.9799,2000,43.4973,,,,,
28,2,2018,46.0133,2000,43.4657,,,,,
1,3,2018,46.0324,2000,43.4477,,,,,
5,3,2018,45.4338,2000,44.0201,,,,,
6,3,2018,44.9673,2000,44.4768,,,,,
7,3,2018,44.0968,2000,45.3548,,,,,
8,3,2018,44.0774,2000,45.3747,,,,,
9,3,2018,43.9055,2000,45.5524,,,,,
12,3,2018,44.1037,2000,45.3477,,,,,
13,3,2018,44.3945,2000,45.0506,,,,,
14,3,2018,44.3922,2000,45.053,,,,,
15,3,2018,44.6759,2000,44.7669,,,,,
16,3,2018,44.3709,2000,45.0746,,,,,
19,3,2018,43.5708,2000,45.9023,,,,,
20,3,2018,43.4328,2000,46.0481,,,,,
21,3,2018,43.5554,2000,45.9185,,,,,
22,3,2018,43.165,2000,46.3338,,,,,
23,3,2018,42.6561,2000,46.8866,,,,,
26,3,2018,42.9002,2000,46.6198,,,,,
27,3,2018,43.5593,2000,45.9144,,,,,
28,3,2018,43.348,2000,46.1382,,,,,
2,4,2018,44.3683,2000,45.0772,,,,,
3,4,2018,44.9577,2000,44.4863,,,,,
4,4,2018,44.4621,2000,44.9821,,,,,
5,4,2018,45.3819,2000,44.0704,,,,,
6,4,2018,45.5226,2000,43.9342,,,,,
9,4,2018,45.6209,2000,43.8396,,,,,
10,4,2018,45.624,2000,43.8366,,,,,
11,4,2018,45.5612,2000,43.897,,,,,
12,4,2018,45.4575,2000,43.9971,,,,,
13,4,2018,45.5387,2000,43.9187,,,,,
16,4,2018,45.5658,2000,43.8926,,,,,
17,4,2018,45.7027,2000,43.7611,,,,,
18,4,2018,45.6256,2000,43.835,,,,,
19,4,2018,46.0092,2000,43.4696,,,,,
20,4,2018,46.1782,2000,43.3105,,,,,
23,4,2018,46.5701,2000,42.946,,,,,
24,4,2018,46.7246,2000,42.804,,,,,
25,4,2018,46.2438,2000,43.249,,,,,
26,4,2018,46.2802,2000,43.215,,,,,
27,4,2018,46.5713,2000,42.9449,,,,,
30,4,2018,46.8818,2000,42.6605,,,,,
2,5,2018,46.5104,2000,43.0011,,,,,
3,5,2018,45.9742,2000,43.5027,,,,,
4,5,2018,45.8391,2000,43.6309,,,,,
7,5,2018,46.0055,2000,43.4731,,,,,
8,5,2018,46.0883,2000,43.395,,,,,
9,5,2018,46.0116,2000,43.4673,,,,,
10,5,2018,45.4396,2000,44.0145,,,,,
11,5,2018,45.4927,2000,43.9631,,,,,
14,5,2018,45.1633,2000,44.2837,,,,,
15,5,2018,44.9168,2000,44.5268,,,,,
16,5,2018,44.8067,2000,44.6362,,,,,
17,5,2018,44.9576,2000,44.4864,,,,,
18,5,2018,44.3456,2000,45.1003,,,,,
21,5,2018,43.483,2000,45.995,,,,,
22,5,2018,43.9131,2000,45.5445,,,,,
23,5,2018,43.614,2000,45.8568,,,,,
24,5,2018,43.484,2000,45.9939,,,,,
25,5,2018,44.0221,2000,45.4317,,,,,
28,5,2018,44.4992,2000,44.9446,,,,,
29,5,2018,44.3217,2000,45.1246,,,,,
30,5,2018,44.144,2000,45.3063,,,,,
31,5,2018,43.8883,2000,45.5702,,,,,
1,6,2018,43.2543,2000,46.2382,,,,,
4,6,2018,42.377,2000,47.1954,,,,,
5,6,2018,41.3227,2000,48.3995,,,,,
6,6,2018,42.0658,2000,47.5446,,,,,
7,6,2018,42.9959,2000,46.5161,,,,,
8,6,2018,43.0836,2000,46.4214,,,,,
11,6,2018,43.3881,2000,46.0956,,,,,
12,6,2018,43.6858,2000,45.7815,,,,,
13,6,2018,43.5783,2000,45.8944,,,,,
14,6,2018,43.5192,2000,45.9567,,,,,
15,6,2018,43.3758,2000,46.1087,,,,,
18,6,2018,43.1305,2000,46.3709,,,,,
19,6,2018,42.6044,2000,46.9435,,,,,
20,6,2018,42.5929,2000,46.9562,,,,,
21,6,2018,42.3022,2000,47.2789,,,,,
22,6,2018,42.279,2000,47.3048,,,,,
25,6,2018,41.9065,2000,47.7253,,,,,
26,6,2018,41.6175,2000,48.0567,,,,,
27,6,2018,40.938,2000,48.8544,,,,,
28,6,2018,40.602,2000,49.2587,,,,,
29,6,2018,41.277,2000,48.4531,,,,,
2,7,2018,40.8849,2000,48.9178,,,,,
3,7,2018,41.116,2000,48.6429,,,,,
4,7,2018,41.1396,2000,48.615,,,,,
5,7,2018,40.9694,2000,48.8169,,,,,
6,7,2018,41.2701,2000,48.4612,,,,,
9,7,2018,41.7671,2000,47.8846,,,,,
10,7,2018,42.2001,2000,47.3933,,,,,
11,7,2018,41.8545,2000,47.7846,,,,,
12,7,2018,41.6811,2000,47.9834,,,,,
13,7,2018,41.1327,2000,48.6231,,,,,
16,7,2018,40.1166,2000,49.8547,,,,,
17,7,2018,40.4091,2000,49.4938,,,,,
18,7,2018,39.9677,2000,50.0404,,,,,
19,7,2018,39.6276,2000,50.4699,,,,,
20,7,2018,39.7679,2000,50.2918,,,,,
23,7,2018,40.178,2000,49.7785,,,,,
24,7,2018,41.1954,2000,48.5491,,,,,
25,7,2018,41.4644,2000,48.2341,,,,,
26,7,2018,41.4912,2000,48.203,,,,,
27,7,2018,41.9177,2000,47.7125,,,,,
30,7,2018,42.2017,2000,47.3915,,,,,
31,7,2018,42.2722,2000,47.3124,,,,,
1,8,2018,42.3422,2000,47.2342,,,,,
2,8,2018,42.3628,2000,47.2112,,,,,
3,8,2018,42.8673,2000,46.6556,,,,,
6,8,2018,42.9765,2000,46.5371,,,,,
7,8,2018,43.0694,2000,46.4367,,,,,
8,8,2018,43.404,2000,46.0787,,,,,
9,8,2018,43.7013,2000,45.7652,,,,,
10,8,2018,43.2358,2000,46.258,,,,,
13,8,2018,42.9047,2000,46.6149,,,,,
14,8,2018,43.048,2000,46.4598,,,,,
16,8,2018,43.0615,2000,46.4452,,,,,
17,8,2018,43.4656,2000,46.0134,,,,,
20,8,2018,43.6896,2000,45.7775,,,,,
21,8,2018,43.879,2000,45.5799,,,,,
23,8,2018,43.94,2000,45.5166,,,,,
24,8,2018,43.8956,2000,45.5627,,,,,
27,8,2018,44.1204,2000,45.3305,,,,,
28,8,2018,44.1417,2000,45.3086,,,,,
29,8,2018,44.3355,2000,45.1106,,,,,
30,8,2018,44.6809,2000,44.7619,,,,,
31,8,2018,44.9766,2000,44.4676,,,,,
3,9,2018,45.0979,2000,44.348,,,,,
4,9,2018,44.3595,2000,45.0862,,,,,
5,9,2018,44.1141,2000,45.337,,,,,
6,9,2018,44.4702,2000,44.9739,,,,,
7,9,2018,44.7865,2000,44.6563,,,,,
10,9,2018,44.168,2000,45.2817,,,,,
11,9,2018,43.4807,2000,45.9974,,,,,
12,9,2018,43.4146,2000,46.0675,,,,,
14,9,2018,43.9369,2000,45.5198,,,,,
17,9,2018,43.6871,2000,45.7801,,,,,
18,9,2018,43.2883,2000,46.2019,,,,,
19,9,2018,43.1924,2000,46.3044,,,,,
21,9,2018,42.0887,2000,47.5187,,,,,
24,9,2018,41.058,2000,48.7116,,,,,
25,9,2018,40.9093,2000,48.8886,,,,,
26,9,2018,41.159,2000,48.592,,,,,
27,9,2018,40.5237,2000,49.3538,,,,,
28,9,2018,39.3734,2000,50.7957,,,,,
1,10,2018,39.4482,2000,50.6994,,,,,
3,10,2018,39.4094,2000,50.7493,,,,,
4,10,2018,38.7515,2000,51.6109,,,,,
5,10,2018,37.9553,2000,52.6936,,,,,
8,10,2018,37.3476,2000,53.551,,,,,
9,10,2018,37.2085,2000,53.7512,,,,,
10,10,2018,38.6004,2000,51.8129,,,,,
11,10,2018,38.0185,2000,52.606,,,,,
12,10,2018,38.8231,2000,51.5157,,,,,
15,10,2018,39.3169,2000,50.8687,,,,,
16,10,2018,39.7992,2000,50.2523,,,,,
17,10,2018,39.0116,2000,51.2668,,,,,
19,10,2018,38.5796,2000,51.8409,,,,,
22,10,2018,37.9429,2000,52.7108,,,,,
23,10,2018,37.4481,2000,53.4072,,,,,
24,10,2018,37.6345,2000,53.1427,,,,,
25,10,2018,37.3602,2000,53.5329,,,,,
26,10,2018,37.2938,2000,53.6282,,,,,
29,10,2018,38.0685,2000,52.5369,,,,,
30,10,2018,38.485,2000,51.9683,,,,,
31,10,2018,38.878,2000,51.443,,,,,
1,11,2018,39.3307,2000,50.8509,,,,,
2,11,2018,39.5722,2000,50.5405,,,,,
5,11,2018,39.3974,2000,50.7648,,,,,
6,11,2018,39.5595,2000,50.5568,,,,,
9,11,2018,40.1469,2000,49.817,,,,,
12,11,2018,39.9061,2000,50.1177,,,,,
13,11,2018,40.0119,2000,49.9851,,,,,
14,11,2018,39.8601,2000,50.1755,,,,,
15,11,2018,39.8633,2000,50.1715,,,,,
16,11,2018,39.7239,2000,50.3475,,,,,
19,11,2018,39.807,2000,50.2424,,,,,
20,11,2018,39.4201,2000,50.7355,,,,,
21,11,2018,39.5035,2000,50.6284,,,,,
22,11,2018,39.4257,2000,50.7283,,,,,
26,11,2018,39.3546,2000,50.82,,,,,
27,11,2018,39.6114,2000,50.4905,,,,,
28,11,2018,39.3978,2000,50.7643,,,,,
29,11,2018,39.3159,2000,50.87,,,,,
30,11,2018,39.5053,2000,50.6261,,,,,
3,12,2018,39.5087,2000,50.6218,,,,,
4,12,2018,39.5068,2000,50.6242,,,,,
5,12,2018,39.0976,2000,51.154,,,,,
6,12,2018,38.61,2000,51.8001,,,,,
7,12,2018,38.5879,2000,51.8297,,,,,
10,12,2018,37.9772,2000,52.6632,,,,,
11,12,2018,38.428,2000,52.0454,,,,,
12,12,2018,39.2645,2000,50.9366,,,,,
13,12,2018,39.5565,2000,50.5606,,,,,
14,12,2018,39.5502,2000,50.5686,,,,,
17,12,2018,39.6758,2000,50.4086,,,,,
18,12,2018,39.7668,2000,50.2932,,,,,
19,12,2018,40.18,2000,49.776,,,,,
20,12,2018,40.1686,2000,49.7901,,,,,
21,12,2018,39.6967,2000,50.382,,,,,
24,12,2018,39.3637,2000,50.8082,,,,,
26,12,2018,39.27,2000,50.9295,,,,,
27,12,2018,39.3541,2000,50.8206,,,,,
28,12,2018,39.5235,2000,50.6028,,,,,
31,12,2018,39.745,2000,50.3208,,,,,
1,1,2019,39.824,2000,50.221,,,,,
2,1,2019,39.6228,2000,50.476,,,,,
3,1,2019,39.4167,2000,50.7399,,,,,
4,1,2019,39.4416,2000,50.7079,,,,,
7,1,2019,39.4265,2000,50.7273,,,,,
8,1,2019,39.4479,2000,50.6998,,,,,
9,1,2019,39.479,2000,50.6598,,,,,
10,1,2019,39.4684,2000,50.6735,,,,,
11,1,2019,39.3563,2000,50.8178,,,,,
14,1,2019,39.2026,2000,51.017,,,,,
15,1,2019,39.4701,2000,50.6713,,,,,
16,1,2019,39.5299,2000,50.5946,,,,,
17,1,2019,39.4444,2000,50.7043,,,,,
18,1,2019,39.2497,2000,50.9558,,,,,
21,1,2019,39.0788,2000,51.1786,,,,,
22,1,2019,38.8522,2000,51.4771,,,,,
23,1,2019,38.7735,2000,51.5816,,,,,
24,1,2019,38.5156,2000,51.927,,,,,
25,1,2019,38.0198,2000,52.6042,,,,,
28,1,2019,37.2521,2000,53.6882,,,,,
29,1,2019,37.1605,2000,53.8206,,,,,
30,1,2019,37.4576,2000,53.3937,,,,,
31,1,2019,37.7963,2000,52.9152,,,,,
1,2,2019,37.9346,2000,52.7223,,,,,
4,2,2019,37.5734,2000,53.2291,,,,,
5,2,2019,37.3245,2000,53.5841,,,,,
6,2,2019,37.3624,2000,53.5298,,,,,
7,2,2019,37.74,2000,52.9942,,,,,
8,2,2019,37.3958,2000,53.4819,,,,,
11,2,2019,36.8309,2000,54.3022,,,,,
12,2,2019,36.5088,2000,54.7813,,,,,
13,2,2019,36.2666,2000,55.1472,,,,,
14,2,2019,36.123,2000,55.3664,,,,,
15,2,2019,35.8442,2000,55.797,,,,,
18,2,2019,35.5721,2000,56.2238,,,,,
19,2,2019,35.664,2000,56.079,,,,,
20,2,2019,35.9869,2000,55.5758,,,,,
21,2,2019,36.3631,2000,55.0008,,,,,
22,2,2019,36.5739,2000,54.6838,,,,,
25,2,2019,36.8006,2000,54.3469,,,,,
26,2,2019,36.6976,2000,54.4995,,,,,
27,2,2019,36.7448,2000,54.4295,,,,,
28,2,2019,37.0615,2000,53.9644,,,,,
1,3,2019,37.7104,2000,53.0358,,,,,
5,3,2019,38.9794,2000,51.3092,,,,,
6,3,2019,39.2876,2000,50.9066,,,,,
7,3,2019,39.3669,2000,50.8041,,,,,
8,3,2019,39.164,2000,51.0673,,,,,
11,3,2019,39.8443,2000,50.1954,,,,,
12,3,2019,40.3498,2000,49.5665,,,,,
13,3,2019,40.0677,2000,49.9155,,,,,
14,3,2019,39.9944,2000,50.007,,,,,
15,3,2019,39.9824,2000,50.022,,,,,
18,3,2019,39.8951,2000,50.1315,,,,,
19,3,2019,40.0231,2000,49.9711,,,,,
20,3,2019,39.8801,2000,50.1503,,,,,
22,3,2019,39.6298,2000,50.4671,,,,,
25,3,2019,39.2398,2000,50.9687,,,,,
26,3,2019,39.504,2000,50.6278,,,,,
27,3,2019,39.824,2000,50.221,,,,,
28,3,2019,40.1167,2000,49.8545,,,,,
29,3,2019,40.3082,2000,49.6177,,,,,
1,4,2019,40.6509,2000,49.1994,,,,,
2,4,2019,40.6194,2000,49.2376,,,,,
3,4,2019,40.3084,2000,49.6174,,,,,
4,4,2019,40.2122,2000,49.7361,,,,,
5,4,2019,40.5292,2000,49.3471,,,,,
8,4,2019,40.4517,2000,49.4417,,,,,
9,4,2019,40.3011,2000,49.6264,,,,,
10,4,2019,40.301,2000,49.6266,,,,,
11,4,2019,40.2967,2000,49.6319,,,,,
12,4,2019,40.4693,2000,49.4202,,,,,
15,4,2019,40.5953,2000,49.2668,,,,,
16,4,2019,40.6312,2000,49.2233,,,,,
18,4,2019,40.3337,2000,49.5863,,,,,
22,4,2019,39.9324,2000,50.0846,,,,,
23,4,2019,39.9369,2000,50.079,,,,,
24,4,2019,40.1287,2000,49.8396,,,,,
25,4,2019,39.9974,2000,50.0033,,,,,
26,4,2019,40.0435,2000,49.9457,,,,,
30,4,2019,39.7375,2000,50.3303,,,,,
2,5,2019,39.6576,2000,50.4317,,,,,
3,5,2019,39.5854,2000,50.5237,,,,,
6,5,2019,39.3969,2000,50.7654,,,,,
7,5,2019,39.1649,2000,51.0661,,,,,
8,5,2019,38.6327,2000,51.7696,,,,,
9,5,2019,38.5848,2000,51.8339,,,,,
10,5,2019,38.6639,2000,51.7278,,,,,
13,5,2019,38.0775,2000,52.5245,,,,,
14,5,2019,38.2383,2000,52.3036,,,,,
15,5,2019,38.159,2000,52.4123,,,,,
16,5,2019,38.1947,2000,52.3633,,,,,
17,5,2019,38.3896,2000,52.0974,,,,,
20,5,2019,39.4683,2000,50.6736,,,,,
21,5,2019,39.2505,2000,50.9548,,,,,
22,5,2019,39.3252,2000,50.858,,,,,
23,5,2019,39.3622,2000,50.8102,,,,,
24,5,2019,40.3808,2000,49.5285,,,,,
27,5,2019,41.2347,2000,48.5028,,,,,
28,5,2019,41.2311,2000,48.5071,,,,,
29,5,2019,41.0717,2000,48.6953,,,,,
30,5,2019,41.1745,2000,48.5738,,,,,
31,5,2019,41.0296,2000,48.7453,,,,,
3,6,2019,41.1975,2000,48.5466,,,,,
4,6,2019,41.1169,2000,48.6418,,,,,
6,6,2019,40.4858,2000,49.4,,,,,
7,6,2019,40.3969,2000,49.5087,,,,,
10,6,2019,40.1219,2000,49.8481,,,,,
11,6,2019,40.2834,2000,49.6482,,,,,
12,6,2019,40.063,2000,49.9214,,,,,
13,6,2019,39.9016,2000,50.1233,,,,,
14,6,2019,39.6787,2000,50.4049,,,,,
17,6,2019,39.2517,2000,50.9532,,,,,
18,6,2019,39.2549,2000,50.9491,,,,,
19,6,2019,38.8027,2000,51.5428,,,,,
20,6,2019,39.0799,2000,51.1772,,,,,
21,6,2019,39.0254,2000,51.2487,,,,,
24,6,2019,38.8729,2000,51.4497,,,,,
25,6,2019,39.138,2000,51.1012,,,,,
26,6,2019,39.4768,2000,50.6627,,,,,
27,6,2019,39.6169,2000,50.4835,,,,,
28,6,2019,39.5731,2000,50.5394,,,,,
1,7,2019,39.6762,2000,50.4081,,,,,
2,7,2019,39.7119,2000,50.3627,,,,,
3,7,2019,39.6793,2000,50.4041,,,,,
4,7,2019,39.8129,2000,50.235,,,,,
5,7,2019,39.2681,2000,50.9319,,,,,
8,7,2019,38.4427,2000,52.0255,,,,,
9,7,2019,38.3844,2000,52.1045,,,,,
10,7,2019,38.1235,2000,52.4611,,,,,
11,7,2019,38.2023,2000,52.3529,,,,,
12,7,2019,38.3291,2000,52.1797,,,,,
15,7,2019,38.1394,2000,52.4392,,,,,
16,7,2019,38.1456,2000,52.4307,,,,,
17,7,2019,38.1229,2000,52.4619,,,,,
18,7,2019,37.7656,2000,52.9582,,,,,
19,7,2019,37.1114,2000,53.8918,,,,,
22,7,2019,36.7129,2000,54.4768,,,,,
23,7,2019,36.8106,2000,54.3322,,,,,
24,7,2019,36.3805,2000,54.9745,,,,,
25,7,2019,36.3274,2000,55.0549,,,,,
26,7,2019,36.3335,2000,55.0456,,,,,
30,7,2019,35.5007,2000,56.3369,,,,,
31,7,2019,35.8224,2000,55.831,,,,,
1,8,2019,35.3646,2000,56.5537,,,,,
2,8,2019,35.261,2000,56.7199,,,,,
5,8,2019,34.7731,2000,57.5157,,,,,
6,8,2019,35.2334,2000,56.7643,,,,,
7,8,2019,35.1743,2000,56.8597,,,,,
8,8,2019,35.3888,2000,56.5151,,,,,
9,8,2019,35.5584,2000,56.2455,,,,,
13,8,2019,35.0182,2000,57.1132,,,,,
14,8,2019,35.1625,2000,56.8788,,,,,
16,8,2019,35.1526,2000,56.8948,,,,,
19,8,2019,35.3498,2000,56.5774,,,,,
20,8,2019,35.1234,2000,56.9421,,,,,
21,8,2019,34.6082,2000,57.7898,,,,,
22,8,2019,33.9638,2000,58.8862,,,,,
23,8,2019,34.1771,2000,58.5187,,,,,
26,8,2019,34.7839,2000,57.4979,,,,,
27,8,2019,35.297,2000,56.662,,,,,
28,8,2019,35.0573,2000,57.0495,,,,,
29,8,2019,34.8064,2000,57.4607,,,,,
30,8,2019,35.0281,2000,57.097,,,,,
3,9,2019,34.5494,2000,57.8881,,,,,
4,9,2019,34.6452,2000,57.7281,,,,,
5,9,2019,34.746,2000,57.5606,,,,,
6,9,2019,35.1484,2000,56.9016,,,,,
9,9,2019,35.6515,2000,56.0986,,,,,
11,9,2019,36.3067,2000,55.0863,,,,,
12,9,2019,36.2493,2000,55.1735,,,,,
13,9,2019,36.4973,2000,54.7986,,,,,
16,9,2019,36.7409,2000,54.4352,,,,,
17,9,2019,36.2124,2000,55.2297,,,,,
18,9,2019,36.4095,2000,54.9307,,,,,
19,9,2019,35.885,2000,55.7336,,,,,
20,9,2019,37.2492,2000,53.6924,,,,,
23,9,2019,38.4132,2000,52.0654,,,,,
24,9,2019,38.3463,2000,52.1563,,,,,
25,9,2019,38.008,2000,52.6205,,,,,
26,9,2019,38.2168,2000,52.333,,,,,
27,9,2019,37.9412,2000,52.7131,,,,,
30,9,2019,37.5295,2000,53.2914,,,,,
1,10,2019,36.9632,2000,54.1079,,,,,
3,10,2019,36.8559,2000,54.2654,,,,,
4,10,2019,36.5504,2000,54.719,,,,,
7,10,2019,36.1657,2000,55.301,,,,,
9,10,2019,36.5244,2000,54.7579,,,,,
10,10,2019,36.2179,2000,55.2213,,,,,
11,10,2019,36.3457,2000,55.0271,,,,,
14,10,2019,36.444,2000,54.8787,,,,,
15,10,2019,36.3706,2000,54.9895,,,,,
16,10,2019,36.4093,2000,54.931,,,,,
17,10,2019,36.6594,2000,54.5563,,,,,
18,10,2019,37.3714,2000,53.5169,,,,,
22,10,2019,37.5323,2000,53.2874,,,,,
23,10,2019,37.5702,2000,53.2337,,,,,
24,10,2019,37.457,2000,53.3946,,,,,
25,10,2019,37.3876,2000,53.4937,,,,,
29,10,2019,38.0948,2000,52.5006,,,,,
30,10,2019,38.1903,2000,52.3693,,,,,
31,10,2019,38.4078,2000,52.0728,,,,,
1,11,2019,38.535,2000,51.9009,,,,,
4,11,2019,38.7381,2000,51.6288,,,,,
5,11,2019,38.4361,2000,52.0344,,,,,
6,11,2019,38.1476,2000,52.4279,,,,,
7,11,2019,38.2185,2000,52.3307,,,,,
8,11,2019,38.1484,2000,52.4268,,,,,
11,11,2019,38.3001,2000,52.2192,,,,,
13,11,2019,38.2259,2000,52.3205,,,,,
14,11,2019,38.2464,2000,52.2925,,,,,
15,11,2019,38.2374,2000,52.3048,,,,,
18,11,2019,38.2696,2000,52.2608,,,,,
19,11,2019,38.258,2000,52.2766,,,,,
20,11,2019,38.3468,2000,52.1556,,,,,
21,11,2019,38.316,2000,52.1975,,,,,
22,11,2019,38.1381,2000,52.441,,,,,
25,11,2019,38.3082,2000,52.2081,,,,,
26,11,2019,38.2052,2000,52.3489,,,,,
27,11,2019,38.2036,2000,52.3511,,,,,
28,11,2019,38.3537,2000,52.1462,,,,,
29,11,2019,38.4072,2000,52.0736,,,,,
2,12,2019,38.2073,2000,52.346,,,,,
3,12,2019,37.9814,2000,52.6574,,,,,
4,12,2019,38.0476,2000,52.5657,,,,,
5,12,2019,37.9617,2000,52.6847,,,,,
6,12,2019,37.6385,2000,53.1371,,,,,
9,12,2019,37.4542,2000,53.3986,,,,,
10,12,2019,37.0739,2000,53.9463,,,,,
11,12,2019,37.0294,2000,54.0111,,,,,
12,12,2019,37.4257,2000,53.4392,,,,,
13,12,2019,37.7337,2000,53.003,,,,,
16,12,2019,37.6353,2000,53.1416,,,,,
17,12,2019,37.8515,2000,52.8381,,,,,
18,12,2019,37.8562,2000,52.8315,,,,,
19,12,2019,37.8574,2000,52.8298,,,,,
20,12,2019,37.9222,2000,52.7396,,,,,
23,12,2019,37.9018,2000,52.7679,,,,,
24,12,2019,38.0314,2000,52.5881,,,,,
26,12,2019,38.1384,2000,52.4406,,,,,
27,12,2019,38.4895,2000,51.9622,,,,,
30,12,2019,38.6783,2000,51.7086,,,,,
31,12,2019,38.745,2000,51.6196,,,,,
1,1,2020,38.9932,2000,51.291,,,,,
2,1,2020,39.558,2000,50.5587,,,,,
3,1,2020,39.5197,2000,50.6077,,,,,
6,1,2020,38.6034,2000,51.8089,,,,,
7,1,2020,39.049,2000,51.2177,,,,,
8,1,2020,39.019,2000,51.2571,,,,,
9,1,2020,39.6992,2000,50.3788,,,,,
10,1,2020,40.0075,2000,49.9906,,,,,
13,1,2020,40.4683,2000,49.4214,,,,,
14,1,2020,40.8021,2000,49.0171,,,,,
15,1,2020,41.1716,2000,48.5772,,,,,
16,1,2020,41.4982,2000,48.1949,,,,,
17,1,2020,41.7064,2000,47.9543,,,,,
20,1,2020,41.4716,2000,48.2258,,,,,
21,1,2020,41.3636,2000,48.3517,,,,,
22,1,2020,41.3083,2000,48.4164,,,,,
23,1,2020,41.5457,2000,48.1398,,,,,
24,1,2020,41.6542,2000,48.0144,,,,,
27,1,2020,41.6108,2000,48.0644,,,,,
28,1,2020,41.5655,2000,48.1168,,,,,
29,1,2020,41.7416,2000,47.9138,,,,,
30,1,2020,41.2955,2000,48.4314,,,,,
31,1,2020,41.2189,2000,48.5214,,,,,
3,2,2020,40.375,2000,49.5356,,,,,
4,2,2020,41.0066,2000,48.7726,,,,,
5,2,2020,41.351,2000,48.3664,,,,,
6,2,2020,41.5882,2000,48.0906,,,,,
7,2,2020,41.6459,2000,48.0239,,,,,
10,2,2020,41.4102,2000,48.2973,,,,,
11,2,2020,41.5254,2000,48.1633,,,,,
12,2,2020,41.6065,2000,48.0694,,,,,
13,2,2020,41.5358,2000,48.1512,,,,,
14,2,2020,41.5308,2000,48.157,,,,,
17,2,2020,41.1954,2000,48.5491,,,,,
18,2,2020,41.1261,2000,48.6309,,,,,
19,2,2020,41.7619,2000,47.8905,,,,,
20,2,2020,41.9697,2000,47.6534,,,,,
24,2,2020,41.2311,2000,48.5071,,,,,
25,2,2020,41.3029,2000,48.4227,,,,,
26,2,2020,40.949,2000,48.8412,,,,,
27,2,2020,40.5654,2000,49.3031,,,,,
28,2,2020,38.939,2000,51.3624,,,,,
2,3,2020,38.7436,2000,51.6214,,,,,
3,3,2020,39.08,2000,51.1771,,,,,
4,3,2020,38.4181,2000,52.0588,,,,,
5,3,2020,38.6602,2000,51.7328,,,,,
6,3,2020,38.0776,2000,52.5243,,,,,
9,3,2020,36.3902,2000,54.9599,,,,,
11,3,2020,36.1595,2000,55.3105,,,,,
12,3,2020,33.3049,2000,60.0512,,,,,
13,3,2020,33.8679,2000,59.053,,,,,
16,3,2020,32.0777,2000,62.3486,,,,,
17,3,2020,31.2708,2000,63.9574,,,,,
18,3,2020,29.3262,2000,68.1984,,,,,
19,3,2020,28.1761,2000,70.9821,,,,,
20,3,2020,28.8049,2000,69.4326,,,,,
23,3,2020,25.2865,2000,79.0936,,,,,
24,3,2020,25.0388,2000,79.876,,,,,
25,3,2020,25.8139,2000,77.4776,,,,,
26,3,2020,26.778,2000,74.6882,,,,,
27,3,2020,27.0071,2000,74.0546,,,,,
30,3,2020,26.2526,2000,76.1829,,,,,
31,3,2020,27.2074,2000,73.5094,,,,,
1,4,2020,26.7882,2000,74.6597,,,,,
3,4,2020,26.5324,2000,75.3795,,,,,
7,4,2020,27.7949,2000,71.9556,,,,,
8,4,2020,28.3324,2000,70.5906,,,,,
9,4,2020,29.5026,2000,67.7906,,,,,
13,4,2020,29.1994,2000,68.4946,,,,,
15,4,2020,29.2417,2000,68.3955,,,,,
16,4,2020,29.769,2000,67.184,,,,,
17,4,2020,30.4414,2000,65.7,,,,,
20,4,2020,30.8208,2000,64.8912,,,,,
21,4,2020,29.8799,2000,66.9346,,,,,
22,4,2020,30.1446,2000,66.3469,,,,,
23,4,2020,30.5222,2000,65.5261,,,,,
24,4,2020,30.0114,2000,66.6413,,,,,
27,4,2020,30.4132,2000,65.7609,,,,,
28,4,2020,30.552,2000,65.4622,,,,,
29,4,2020,31.0053,2000,64.5051,,,,,
30,4,2020,31.2499,2000,64.0002,,,,,
4,5,2020,30.3838,2000,65.8246,,,,,
5,5,2020,30.1677,2000,66.2961,,,,,
6,5,2020,30.2739,2000,66.0635,,,,,
7,5,2020,30.3185,2000,65.9663,,,,,
8,5,2020,29.9789,2000,66.7136,,,,,
11,5,2020,29.8219,2000,67.0648,,,,,
12,5,2020,29.5235,2000,67.7426,,,,,
13,5,2020,30.0563,2000,66.5418,,,,,
14,5,2020,29.8553,2000,66.9898,,,,,
15,5,2020,29.9149,2000,66.8563,,,,,
18,5,2020,29.0096,2000,68.9427,,,,,
19,5,2020,28.8751,2000,69.2638,,,,,
20,5,2020,29.2093,2000,68.4713,,,,,
21,5,2020,29.4881,2000,67.824,,,,,
22,5,2020,29.2972,2000,68.2659,,,,,
26,5,2020,29.4733,2000,67.858,,,,,
27,5,2020,29.7574,2000,67.2102,,,,,
28,5,2020,30.1931,2000,66.2403,,,,,
29,5,2020,30.5844,2000,65.3928,,,,,
1,6,2020,31.3339,2000,63.8286,,,,,
2,6,2020,31.817,2000,62.8595,,,,,
3,6,2020,32.2141,2000,62.0846,,,,,
4,6,2020,32.3436,2000,61.836,,,,,
5,6,2020,33.0143,2000,60.5798,,,,,
8,6,2020,33.2884,2000,60.081,,,,,
9,6,2020,32.9782,2000,60.6461,,,,,
10,6,2020,33.1219,2000,60.383,,,,,
11,6,2020,32.6692,2000,61.2197,,,,,
12,6,2020,32.6855,2000,61.1892,,,,,
15,6,2020,32.7519,2000,61.0652,,,,,
16,6,2020,32.7683,2000,61.0346,,,,,
17,6,2020,33.0158,2000,60.5771,,,,,
18,6,2020,33.4084,2000,59.8652,,,,,
19,6,2020,33.9902,2000,58.8405,,,,,
22,6,2020,34.3429,2000,58.2362,,,,,
23,6,2020,34.9241,2000,57.267,,,,,
24,6,2020,34.5691,2000,57.8551,,,,,
25,6,2020,34.7016,2000,57.6342,,,,,
26,6,2020,34.8365,2000,57.411,,,,,
29,6,2020,34.5644,2000,57.863,,,,,
30,6,2020,34.4541,2000,58.0482,,,,,
1,7,2020,34.5393,2000,57.9051,,,,,
2,7,2020,34.7314,2000,57.5848,,,,,
3,7,2020,34.808,2000,57.4581,,,,,
6,7,2020,35.395,2000,56.5052,,,,,
7,7,2020,35.4962,2000,56.3441,,,,,
8,7,2020,35.4624,2000,56.3978,,,,,
9,7,2020,35.7094,2000,56.0077,,,,,
10,7,2020,35.5123,2000,56.3185,,,,,
13,7,2020,35.4299,2000,56.4495,,,,,
14,7,2020,35.1711,2000,56.8649,,,,,
15,7,2020,35.1152,2000,56.9554,,,,,
16,7,2020,35.1635,2000,56.8772,,,,,
17,7,2020,35.6115,2000,56.1616,,,,,
20,7,2020,35.8782,2000,55.7442,,,,,
21,7,2020,36.0457,2000,55.4851,,,,,
22,7,2020,35.9844,2000,55.5796,,,,,
23,7,2020,36.2813,2000,55.1248,,,,,
24,7,2020,36.2341,2000,55.1966,,,,,
27,7,2020,35.8686,2000,55.7591,,,,,
28,7,2020,36.1524,2000,55.3214,,,,,
29,7,2020,36.2137,2000,55.2277,,,,,
30,7,2020,35.8807,2000,55.7403,,,,,
31,7,2020,36.2065,2000,55.2387,,,,,
3,8,2020,36.5244,2000,54.7579,,,,,
4,8,2020,36.9724,2000,54.0944,,,,,
5,8,2020,37.2943,2000,53.6275,,,,,
6,8,2020,37.5916,2000,53.2034,,,,,
7,8,2020,38.0502,2000,52.5621,,,,,
10,8,2020,38.5967,2000,51.8179,,,,,
11,8,2020,38.647,2000,51.7505,,,,,
12,8,2020,38.7753,2000,51.5792,,,,,
13,8,2020,39.2738,2000,50.9245,,,,,
14,8,2020,38.8877,2000,51.4301,,,,,
17,8,2020,39.1862,2000,51.0384,,,,,
18,8,2020,39.5711,2000,50.5419,,,,,
19,8,2020,40.0128,2000,49.984,,,,,
20,8,2020,40.3014,2000,49.6261,,,,,
21,8,2020,41.0177,2000,48.7594,,,,,
24,8,2020,42.0231,2000,47.5929,,,,,
25,8,2020,42.2168,2000,47.3745,,,,,
26,8,2020,42.7181,2000,46.8186,,,,,
27,8,2020,42.736,2000,46.799,,,,,
28,8,2020,42.5393,2000,47.0153,,,,,
31,8,2020,40.583,2000,49.2817,,,,,
1,9,2020,40.7661,2000,49.0604,,,,,
2,9,2020,41.3037,2000,48.4218,,,,,
3,9,2020,41.5775,2000,48.1029,,,,,
4,9,2020,41.1375,2000,48.6174,,,,,
7,9,2020,41.0535,2000,48.7169,,,,,
8,9,2020,40.6954,2000,49.1456,,,,,
9,9,2020,40.2239,2000,49.7217,,,,,
10,9,2020,40.8846,2000,48.9182,,,,,
11,9,2020,40.9382,2000,48.8541,,,,,
14,9,2020,42.8111,2000,46.7169,,,,,
15,9,2020,43.5556,2000,45.9183,,,,,
16,9,2020,43.7957,2000,45.6666,,,,,
17,9,2020,43.6132,2000,45.8577,,,,,
18,9,2020,43.4455,2000,46.0347,,,,,
21,9,2020,41.7224,2000,47.9359,,,,,
22,9,2020,41.336,2000,48.384,,,,,
23,9,2020,41.225,2000,48.5143,,,,,
24,9,2020,40.3264,2000,49.5953,,,,,
25,9,2020,41.1219,2000,48.6359,,,,,
28,9,2020,42.0175,2000,47.5992,,,,,
29,9,2020,42.0212,2000,47.595,,,,,
30,9,2020,42.1595,2000,47.4389,,,,,
1,10,2020,42.2343,2000,47.3549,,,,,
5,10,2020,42.1401,2000,47.4607,,,,,
6,10,2020,42.2071,2000,47.3854,,,,,
7,10,2020,41.8419,2000,47.799,,,,,
8,10,2020,41.4588,2000,48.2407,,,,,
9,10,2020,41.4896,2000,48.2049,,,,,
12,10,2020,41.1764,2000,48.5715,,,,,
13,10,2020,41.1385,2000,48.6163,,,,,
14,10,2020,41.3941,2000,48.3161,,,,,
15,10,2020,40.6945,2000,49.1467,,,,,
16,10,2020,40.9736,2000,48.8119,,,,,
19,10,2020,41.2523,2000,48.4821,,,,,
20,10,2020,41.2432,2000,48.4928,,,,,
21,10,2020,41.1839,2000,48.5627,,,,,
22,10,2020,41.4602,2000,48.239,,,,,
23,10,2020,41.8643,2000,47.7734,,,,,
26,10,2020,41.5413,2000,48.1449,,,,,
27,10,2020,41.7712,2000,47.8799,,,,,
28,10,2020,41.4694,2000,48.2283,,,,,
29,10,2020,41.3612,2000,48.3545,,,,,
30,10,2020,41.405,2000,48.3033,,,,,
2,11,2020,41.0704,2000,48.6969,,,,,
3,11,2020,41.2399,2000,48.4967,,,,,
4,11,2020,41.3108,2000,48.4135,,,,,
5,11,2020,42.0706,2000,47.5391,,,,,
6,11,2020,42.3319,2000,47.2457,,,,,
9,11,2020,42.7517,2000,46.7818,,,,,
10,11,2020,42.5159,2000,47.0412,,,,,
11,11,2020,42.808,2000,46.7202,,,,,
12,11,2020,43.2726,2000,46.2186,,,,,
13,11,2020,43.699,2000,45.7676,,,,,
17,11,2020,44.403,2000,45.042,,,,,
18,11,2020,44.7892,2000,44.6536,,,,,
19,11,2020,44.6912,2000,44.7515,,,,,
20,11,2020,45.0925,2000,44.3533,,,,,
23,11,2020,45.5709,2000,43.8877,,,,,
24,11,2020,45.8565,2000,43.6143,,,,,
25,11,2020,45.3146,2000,44.1359,,,,,
26,11,2020,45.5311,2000,43.926,,,,,
27,11,2020,46.6905,2000,42.8353,,,,,
1,12,2020,47.2255,2000,42.35,,,,,
2,12,2020,47.2722,2000,42.3082,,,,,
3,12,2020,47.6236,2000,41.996,,,,,
4,12,2020,47.8705,2000,41.7794,,,,,
7,12,2020,48.3653,2000,41.352,,,,,
8,12,2020,47.9289,2000,41.7285,,,,,
9,12,2020,48.197,2000,41.4964,,,,,
10,12,2020,48.0472,2000,41.6257,,,,,
11,12,2020,48.255,2000,41.4465,,,,,
14,12,2020,48.6076,2000,41.1458,,,,,
15,12,2020,48.7013,2000,41.0667,,,,,
16,12,2020,49.2391,2000,40.6181,,,,,
17,12,2020,49.3044,2000,40.5643,,,,,
18,12,2020,49.1943,2000,40.6551,,,,,
21,12,2020,47.0218,2000,42.5335,,,,,
22,12,2020,47.5351,2000,42.0742,,,,,
23,12,2020,48.7199,2000,41.051,,,,,
24,12,2020,48.945,2000,40.8622,,,,,
28,12,2020,49.5905,2000,40.3303,,,,,
29,12,2020,49.7031,2000,40.2389,,,,,
30,12,2020,49.8502,2000,40.1202,,,,,
31,12,2020,50.0731,2000,39.9416,,,,,
1,1,2021,50.5727,2000,39.547,,,,,
4,1,2021,51.2854,2000,38.9975,,,,,
5,1,2021,51.5585,2000,38.7909,,,,,
6,1,2021,51.6331,2000,38.7348,,,,,
7,1,2021,52.0431,2000,38.4297,,,,,
8,1,2021,52.4314,2000,38.1451,,,,,
11,1,2021,52.2235,2000,38.2969,,,,,
12,1,2021,52.2526,2000,38.2756,,,,,
13,1,2021,52.2649,2000,38.2666,,,,,
14,1,2021,52.2007,2000,38.3137,,,,,
15,1,2021,51.7808,2000,38.6244,,,,,
18,1,2021,50.9299,2000,39.2697,,,,,
19,1,2021,51.6505,2000,38.7218,,,,,
20,1,2021,51.8997,2000,38.5359,,,,,
21,1,2021,51.5601,2000,38.7897,,,,,
22,1,2021,51.1004,2000,39.1386,,,,,
25,1,2021,50.5062,2000,39.5991,,,,,
27,1,2021,50.266,2000,39.7883,,,,,
28,1,2021,50.1093,2000,39.9128,,,,,
29,1,2021,50.0282,2000,39.9775,,,,,
1,2,2021,51.2269,2000,39.042,,,,,
2,2,2021,51.7106,2000,38.6768,,,,,
3,2,2021,52.62,2000,38.0084,,,,,
4,2,2021,53.3771,2000,37.4693,,,,,
5,2,2021,53.8398,2000,37.1472,,,,,
8,2,2021,54.8424,2000,36.4681,,,,,
9,2,2021,54.7551,2000,36.5263,,,,,
10,2,2021,54.9903,2000,36.3701,,,,,
11,2,2021,55.9371,2000,35.7544,,,,,
12,2,2021,55.9497,2000,35.7464,,,,,
15,2,2021,56.2621,2000,35.5479,,,,,
16,2,2021,56.3446,2000,35.4959,,,,,
17,2,2021,56.7447,2000,35.2456,,,,,
18,2,2021,57.0328,2000,35.0675,,,,,
19,2,2021,56.6197,2000,35.3234,,,,,
22,2,2021,55.969,2000,35.7341,,,,,
23,2,2021,56.3073,2000,35.5194,,,,,
24,2,2021,56.9509,2000,35.118,,,,,
25,2,2021,57.5027,2000,34.781,,,,,
26,2,2021,56.9128,2000,35.1415,,,,,
1,3,2021,58.1094,2000,34.4178,,,,,
2,3,2021,59.2889,2000,33.7331,,,,,
3,3,2021,59.8955,2000,33.3915,,,,,
4,3,2021,60.391,2000,33.1175,,,,,
5,3,2021,59.3308,2000,33.7093,,,,,
8,3,2021,59.537,2000,33.5926,,,,,
9,3,2021,59.5451,2000,33.588,,,,,
10,3,2021,60.1726,2000,33.2377,,,,,
12,3,2021,60.2702,2000,33.1839,,,,,
15,3,2021,59.9358,2000,33.369,,,,,
16,3,2021,60.203,2000,33.2209,,,,,
17,3,2021,58.7936,2000,34.0173,,,,,
18,3,2021,57.9456,2000,34.5151,,,,,
19,3,2021,58.2991,2000,34.3058,,,,,
22,3,2021,58.555,2000,34.1559,,,,,
23,3,2021,59.0883,2000,33.8476,,,,,
24,3,2021,58.1936,2000,34.368,,,,,
25,3,2021,57.1029,2000,35.0245,,,,,
26,3,2021,57.8791,2000,34.5548,,,,,
30,3,2021,58.6529,2000,34.0989,,,,,
31,3,2021,59.1544,2000,33.8098,,,,,
1,4,2021,60.1195,2000,33.2671,,,,,
5,4,2021,59.2766,2000,33.7401,,,,,
6,4,2021,59.7721,2000,33.4604,,,,,
7,4,2021,60.5578,2000,33.0263,,,,,
8,4,2021,61.1131,2000,32.7262,,,,,
9,4,2021,61.356,2000,32.5966,,,,,
12,4,2021,58.4672,2000,34.2072,,,,,
13,4,2021,59.1898,2000,33.7896,,,,,
15,4,2021,59.016,2000,33.8891,,,,,
16,4,2021,59.6914,2000,33.5057,,,,,
19,4,2021,58.9733,2000,33.9137,,,,,
20,4,2021,59.2706,2000,33.7435,,,,,
22,4,2021,59.7093,2000,33.4956,,,,,
23,4,2021,59.9631,2000,33.3538,,,,,
26,4,2021,60.4675,2000,33.0756,,,,,
27,4,2021,61.1979,2000,32.6809,,,,,
28,4,2021,61.8844,2000,32.3183,,,,,
29,4,2021,62.1151,2000,32.1983,,,,,
30,4,2021,62.1421,2000,32.1843,,,,,
3,5,2021,63.3358,2000,31.5777,,,,,
4,5,2021,62.8203,2000,31.8368,,,,,
5,5,2021,63.3495,2000,31.5709,,,,,
6,5,2021,63.5667,2000,31.463,,,,,
7,5,2021,63.398,2000,31.5467,,,,,
10,5,2021,63.922,2000,31.2881,,,,,
11,5,2021,64.2649,2000,31.1212,,,,,
12,5,2021,64.0623,2000,31.2196,,,,,
14,5,2021,63.448,2000,31.5219,,,,,
17,5,2021,64.4581,2000,31.0279,,,,,
18,5,2021,65.1821,2000,30.6833,,,,,
19,5,2021,65.6548,2000,30.4624,,,,,
20,5,2021,65.8614,2000,30.3668,,,,,
21,5,2021,65.9915,2000,30.3069,,,,,
24,5,2021,66.4524,2000,30.0967,,,,,
25,5,2021,66.4531,2000,30.0964,,,,,
26,5,2021,66.8307,2000,29.9264,,,,,
27,5,2021,67.3436,2000,29.6984,,,,,
28,5,2021,67.1627,2000,29.7784,,,,,
31,5,2021,67.3884,2000,29.6787,,,,,
1,6,2021,66.9137,2000,29.8892,,,,,
2,6,2021,67.6426,2000,29.5672,,,,,
3,6,2021,68.3092,2000,29.2786,,,,,
4,6,2021,68.7584,2000,29.0874,,,,,
7,6,2021,69.612,2000,28.7307,,,,,
8,6,2021,70.3881,2000,28.4139,,,,,
9,6,2021,69.7109,2000,28.6899,,,,,
10,6,2021,70.5967,2000,28.3299,,,,,
11,6,2021,70.8426,2000,28.2316,,,,,
14,6,2021,70.8303,2000,28.2365,,,,,
15,6,2021,71.087,2000,28.1345,,,,,
16,6,2021,70.548,2000,28.3495,,,,,
17,6,2021,70.2851,2000,28.4555,,,,,
18,6,2021,69.6766,2000,28.704,,,,,
21,6,2021,69.9361,2000,28.5975,,,,,
22,6,2021,70.4478,2000,28.3898,,,,,
23,6,2021,70.4402,2000,28.3929,,,,,
24,6,2021,70.3507,2000,28.429,,,,,
25,6,2021,70.7327,2000,28.2755,,,,,
28,6,2021,71.0139,2000,28.1635,,,,,
29,6,2021,71.1343,2000,28.1158,,,,,
30,6,2021,71.8434,2000,27.8383,,,,,
1,7,2021,72.3245,2000,27.6531,,,,,
2,7,2021,73.1693,2000,27.3339,,,,,
5,7,2021,73.8693,2000,27.0748,,,,,
6,7,2021,73.5239,2000,27.202,,,,,
7,7,2021,73.8534,2000,27.0807,,,,,
8,7,2021,73.7211,2000,27.1293,,,,,
9,7,2021,74.0237,2000,27.0184,,,,,
12,7,2021,74.3919,2000,26.8846,,,,,
13,7,2021,75.1225,2000,26.6232,,,,,
14,7,2021,75.3985,2000,26.5257,,,,,
15,7,2021,75.8666,2000,26.3621,,,,,
16,7,2021,76.3571,2000,26.1927,,,,,
19,7,2021,76.2076,2000,26.2441,,,,,
20,7,2021,75.2449,2000,26.5799,,,,,
22,7,2021,76.2575,2000,26.2269,,,,,
23,7,2021,76.4272,2000,26.1687,,,,,
26,7,2021,76.7205,2000,26.0687,,,,,
27,7,2021,76.5618,2000,26.1227,,,,,
28,7,2021,76.2519,2000,26.2289,,,,,
29,7,2021,77.0281,2000,25.9646,,,,,
30,7,2021,77.2383,2000,25.8939,,,,,
2,8,2021,77.8106,2000,25.7034,,,,,
3,8,2021,78.188,2000,25.5794,,,,,
4,8,2021,77.2189,2000,25.9004,,,,,
5,8,2021,77.2007,2000,25.9065,,,,,
6,8,2021,77.1425,2000,25.926,,,,,
9,8,2021,76.8118,2000,26.0377,,,,,
10,8,2021,75.4379,2000,26.5119,,,,,
11,8,2021,75.0851,2000,26.6364,,,,,
12,8,2021,76.579,2000,26.1168,,,,,
13,8,2021,76.7125,2000,26.0714,,,,,
16,8,2021,76.217,2000,26.2409,,,,,
17,8,2021,76.1837,2000,26.2523,,,,,
18,8,2021,75.9815,2000,26.3222,,,,,
20,8,2021,74.5227,2000,26.8375,,,,,
23,8,2021,73.5837,2000,27.1799,,,,,
24,8,2021,74.5784,2000,26.8174,,,,,
25,8,2021,74.8472,2000,26.7211,,,,,
26,8,2021,75.1287,2000,26.621,,,,,
27,8,2021,75.7466,2000,26.4038,,,,,
30,8,2021,77.2136,2000,25.9022,,,,,
31,8,2021,77.8018,2000,25.7063,,,,,
1,9,2021,77.6672,2000,25.7509,,,,,
2,9,2021,78.3597,2000,25.5233,,,,,
3,9,2021,78.5516,2000,25.461,,,,,
6,9,2021,79.0621,2000,25.2966,,,,,
7,9,2021,79.1607,2000,25.2651,,,,,
8,9,2021,79.5751,2000,25.1335,,,,,
9,9,2021,80.0674,2000,24.979,,,,,
13,9,2021,80.6152,2000,24.8092,,,,,
14,9,2021,80.9681,2000,24.7011,,,,,
15,9,2021,81.922,2000,24.4135,,,,,
16,9,2021,81.7733,2000,24.4579,,,,,
17,9,2021,81.2827,2000,24.6055,,,,,
20,9,2021,79.7664,2000,25.0732,,,,,
21,9,2021,80.0135,2000,24.9958,,,,,
22,9,2021,80.537,2000,24.8333,,,,,
23,9,2021,81.206,2000,24.6287,,,,,
24,9,2021,81.43,2000,24.561,,,,,
27,9,2021,80.8984,2000,24.7224,,,,,
28,9,2021,80.3611,2000,24.8877,,,,,
29,9,2021,80.5791,2000,24.8203,,,,,
30,9,2021,81.1112,2000,24.6575,,,,,
1,10,2021,81.2325,2000,24.6207,,,,,
4,10,2021,82.5982,2000,24.2136,,,,,
5,10,2021,82.9238,2000,24.1185,,,,,
6,10,2021,82.5542,2000,24.2265,,,,,
7,10,2021,83.4439,2000,23.9682,,,,,
8,10,2021,84.4781,2000,23.6748,,,,,
11,10,2021,84.8301,2000,23.5765,,,,,
12,10,2021,85.0321,2000,23.5205,,,,,
13,10,2021,85.5479,2000,23.3787,,,,,
14,10,2021,85.8403,2000,23.2991,,,,,
18,10,2021,86.494,2000,23.123,,,,,
19,10,2021,85.4057,2000,23.4176,,,,,
20,10,2021,83.0639,2000,24.0778,,,,,
21,10,2021,82.052,2000,24.3748,,,,,
22,10,2021,81.2387,2000,24.6188,,,,,
25,10,2021,79.728,2000,25.0853,,,,,
26,10,2021,81.7495,2000,24.465,,,,,
27,10,2021,82.1536,2000,24.3446,,,,,
28,10,2021,80.7259,2000,24.7752,,,,,
29,10,2021,80.6564,2000,24.7965,,,,,
1,11,2021,81.5639,2000,24.5207,,,,,
2,11,2021,82.6418,2000,24.2008,,,,,
3,11,2021,82.4453,2000,24.2585,,,,,
8,11,2021,84.2331,2000,23.7436,,,,,
9,11,2021,84.5876,2000,23.6441,,,,,
10,11,2021,85.1099,2000,23.499,,,,,
11,11,2021,85.0962,2000,23.5028,,,,,
12,11,2021,85.2669,2000,23.4558,,,,,
15,11,2021,85.5429,2000,23.3801,,,,,
16,11,2021,85.9294,2000,23.2749,,,,,
17,11,2021,85.898,2000,23.2834,,,,,
18,11,2021,84.4639,2000,23.6788,,,,,
22,11,2021,82.0452,2000,24.3768,,,,,
23,11,2021,83.3542,2000,23.994,,,,,
24,11,2021,84.0263,2000,23.8021,,,,,
25,11,2021,84.8381,2000,23.5743,,,,,
26,11,2021,82.275,2000,24.3087,,,,,
29,11,2021,80.568,2000,24.8238,,,,,
30,11,2021,81.9579,2000,24.4028,,,,,
1,12,2021,82.1817,2000,24.3363,,,,,
2,12,2021,83.0145,2000,24.0922,,,,,
3,12,2021,83.1776,2000,24.0449,,,,,
6,12,2021,82.0476,2000,24.3761,,,,,
7,12,2021,82.9919,2000,24.0987,,,,,
8,12,2021,84.0958,2000,23.7824,,,,,
9,12,2021,84.4554,2000,23.6811,,,,,
10,12,2021,85.0515,2000,23.5152,,,,,
13,12,2021,85.6256,2000,23.3575,,,,,
14,12,2021,85.7429,2000,23.3255,,,,,
15,12,2021,85.6368,2000,23.3544,,,,,
16,12,2021,85.2583,2000,23.4581,,,,,
17,12,2021,83.5873,2000,23.9271,,,,,
20,12,2021,81.0499,2000,24.6762,,,,,
21,12,2021,82.2818,2000,24.3067,,,,,
22,12,2021,83.655,2000,23.9077,,,,,
23,12,2021,84.3341,2000,23.7152,,,,,
24,12,2021,83.9428,2000,23.8257,,,,,
27,12,2021,84.5246,2000,23.6618,,,,,
28,12,2021,86.1739,2000,23.2089,,,,,
29,12,2021,86.5928,2000,23.0966,,,,,
30,12,2021,86.5597,2000,23.1054,,,,,
31,12,2021,87.2962,2000,22.9105,,,,,
3,1,2022,88.649,2000,22.5609,,,,,
4,1,2022,89.2485,2000,22.4093,,,,,
5,1,2022,88.8894,2000,22.4999,,,,,
6,1,2022,88.8331,2000,22.5141,,,,,
7,1,2022,89.4441,2000,22.3603,,,,,
10,1,2022,90.4834,2000,22.1035,,,,,
11,1,2022,90.3854,2000,22.1275,,,,,
12,1,2022,91.1173,2000,21.9497,,,,,
13,1,2022,91.5658,2000,21.8422,,,,,
14,1,2022,92.0289,2000,21.7323,,,,,
17,1,2022,92.7506,2000,21.5632,,,,,
18,1,2022,90.9477,2000,21.9907,,,,,
19,1,2022,90.7656,2000,22.0348,,,,,
20,1,2022,90.5312,2000,22.0918,,,,,
21,1,2022,88.5856,2000,22.577,,,,,
24,1,2022,84.566,2000,23.6502,,,,,
25,1,2022,85.4721,2000,23.3994,,,,,
27,1,2022,84.7614,2000,23.5956,,,,,
28,1,2022,85.1996,2000,23.4743,,,,,
31,1,2022,86.3356,2000,23.1654,,,,,
1,2,2022,87.1037,2000,22.9611,,,,,
2,2,2022,88.2626,2000,22.6597,,,,,
3,2,2022,87.8635,2000,22.7626,,,,,
4,2,2022,87.6875,2000,22.8083,,,,,
7,2,2022,86.8517,2000,23.0278,,,,,
8,2,2022,85.9408,2000,23.2718,,,,,
9,2,2022,86.4126,2000,23.1448,,,,,
10,2,2022,86.4184,2000,23.1432,,,,,
11,2,2022,84.858,2000,23.5688,,,,,
14,2,2022,81.2299,2000,24.6215,,,,,
15,2,2022,83.2702,2000,24.0182,,,,,
16,2,2022,83.5834,2000,23.9282,,,,,
17,2,2022,83.2216,2000,24.0322,,,,,
18,2,2022,82.6006,2000,24.2129,,,,,
21,2,2022,81.2316,2000,24.621,,,,,
22,2,2022,80.1347,2000,24.958,,,,,
23,2,2022,80.8932,2000,24.724,,,,,
24,2,2022,76.7999,2000,26.0417,,,,,
25,2,2022,79.9444,2000,25.0174,,,,,
28,2,2022,80.1852,2000,24.9423,,,,,
2,3,2022,79.9146,2000,25.0267,,,,,
3,3,2022,80.0425,2000,24.9867,,,,,
4,3,2022,78.5599,2000,25.4583,,,,,
7,3,2022,77.1151,2000,25.9353,,,,,
8,3,2022,78.0372,2000,25.6288,,,,,
9,3,2022,79.5354,2000,25.146,,,,,
10,3,2022,80.5579,2000,24.8269,,,,,
11,3,2022,81.3456,2000,24.5865,,,,,
14,3,2022,81.8812,2000,24.4256,,,,,
15,3,2022,80.9669,2000,24.7015,,,,,
16,3,2022,82.0957,2000,24.3618,,,,,
17,3,2022,83.0266,2000,24.0887,,,,,
21,3,2022,83.7451,2000,23.882,,,,,
22,3,2022,84.224,2000,23.7462,,,,,
23,3,2022,84.0198,2000,23.8039,,,,,
24,3,2022,83.8575,2000,23.85,,,,,
25,3,2022,83.342,2000,23.9975,,,,,
28,3,2022,83.0423,2000,24.0841,,,,,
29,3,2022,83.6102,2000,23.9205,,,,,
30,3,2022,84.7814,2000,23.5901,,,,,
31,3,2022,85.2519,2000,23.4599,,,,,
1,4,2022,86.3531,2000,23.1607,,,,,
4,4,2022,87.5313,2000,22.849,,,,,
5,4,2022,88.3834,2000,22.6287,,,,,
6,4,2022,88.767,2000,22.5309,,,,,
7,4,2022,88.4573,2000,22.6098,,,,,
8,4,2022,89.4179,2000,22.3669,,,,,
11,4,2022,89.455,2000,22.3576,,,,,
12,4,2022,88.4433,2000,22.6134,,,,,
13,4,2022,88.9859,2000,22.4755,,,,,
18,4,2022,88.017,2000,22.7229,,,,,
19,4,2022,86.7393,2000,23.0576,,,,,
20,4,2022,86.8488,2000,23.0285,,,,,
21,4,2022,88.0901,2000,22.704,,,,,
22,4,2022,87.8345,2000,22.7701,,,,,
25,4,2022,86.396,2000,23.1492,,,,,
26,4,2022,87.31,2000,22.9069,,,,,
27,4,2022,86.9714,2000,22.9961,,,,,
28,4,2022,87.4344,2000,22.8743,,,,,
29,4,2022,86.6235,2000,23.0884,,,,,
2,5,2022,85.742,2000,23.3258,,,,,
4,5,2022,83.8282,2000,23.8583,,,,,
5,5,2022,83.6157,2000,23.919,,,,,
6,5,2022,81.9581,2000,24.4027,,,,,
9,5,2022,80.561,2000,24.8259,,,,,
10,5,2022,79.1636,2000,25.2641,,,,,
11,5,2022,77.7091,2000,25.737,,,,,
12,5,2022,76.0611,2000,26.2946,,,,,
13,5,2022,76.8636,2000,26.0201,,,,,
16,5,2022,77.6386,2000,25.7604,,,,,
17,5,2022,79.6993,2000,25.0943,,,,,
18,5,2022,79.9254,2000,25.0233,,,,,
19,5,2022,78.0653,2000,25.6196,,,,,
20,5,2022,79.357,2000,25.2026,,,,,
23,5,2022,78.8896,2000,25.3519,,,,,
24,5,2022,78.0494,2000,25.6248,,,,,
25,5,2022,75.898,2000,26.3512,,,,,
26,5,2022,76.6434,2000,26.0949,,,,,
27,5,2022,77.9127,2000,25.6698,,,,,
30,5,2022,79.7468,2000,25.0794,,,,,
31,5,2022,80.5566,2000,24.8273,,,,,
1,6,2022,81.3105,2000,24.5971,,,,,
2,6,2022,81.7562,2000,24.463,,,,,
3,6,2022,81.021,2000,24.685,,,,,
6,6,2022,80.3863,2000,24.8799,,,,,
7,6,2022,79.8303,2000,25.0531,,,,,
8,6,2022,79.4974,2000,25.1581,,,,,
9,6,2022,79.6634,2000,25.1056,,,,,
10,6,2022,79.1293,2000,25.2751,,,,,
13,6,2022,76.9178,2000,26.0018,,,,,
14,6,2022,77.0084,2000,25.9712,,,,,
15,6,2022,77.6407,2000,25.7597,,,,,
16,6,2022,75.6715,2000,26.43,,,,,
17,6,2022,75.1062,2000,26.629,,,,,
20,6,2022,73.5488,2000,27.1928,,,,,
21,6,2022,75.3287,2000,26.5503,,,,,
22,6,2022,74.6418,2000,26.7946,,,,,
23,6,2022,75.2894,2000,26.5642,,,,,
24,6,2022,76.5735,2000,26.1187,,,,,
27,6,2022,77.98,2000,25.6476,,,,,
28,6,2022,78.4471,2000,25.4949,,,,,
29,6,2022,78.3019,2000,25.5422,,,,,
30,6,2022,78.0201,2000,25.6344,,,,,
1,7,2022,77.9573,2000,25.6551,,,,,
4,7,2022,78.5577,2000,25.459,,,,,
5,7,2022,78.7306,2000,25.4031,,,,,
6,7,2022,79.3913,2000,25.1917,,,,,
7,7,2022,80.2802,2000,24.9127,,,,,
8,7,2022,80.8417,2000,24.7397,,,,,
11,7,2022,81.2623,2000,24.6117,,,,,
12,7,2022,80.8309,2000,24.743,,,,,
13,7,2022,80.9068,2000,24.7198,,,,,
14,7,2022,80.5336,2000,24.8344,,,,,
15,7,2022,80.931,2000,24.7124,,,,,
18,7,2022,81.9542,2000,24.4039,,,,,
19,7,2022,82.905,2000,24.124,,,,,
20,7,2022,83.3147,2000,24.0054,,,,,
21,7,2022,84.1644,2000,23.763,,,,,
22,7,2022,84.2503,2000,23.7388,,,,,
25,7,2022,84.2949,2000,23.7262,,,,,
26,7,2022,83.5337,2000,23.9424,,,,,
27,7,2022,83.6908,2000,23.8975,,,,,
28,7,2022,84.1721,2000,23.7608,,,,,
29,7,2022,85.178,2000,23.4802,,,,,
1,8,2022,86.1977,2000,23.2025,,,,,
2,8,2022,86.3687,2000,23.1565,,,,,
3,8,2022,86.1629,2000,23.2118,,,,,
4,8,2022,86.113,2000,23.2253,,,,,
5,8,2022,86.1863,2000,23.2055,,,,,
8,8,2022,86.4515,2000,23.1344,,,,,
10,8,2022,86.4778,2000,23.1273,,,,,
11,8,2022,86.9204,2000,23.0096,,,,,
12,8,2022,87.0148,2000,22.9846,,,,,
16,8,2022,87.4233,2000,22.8772,,,,,
17,8,2022,87.7909,2000,22.7814,,,,,
18,8,2022,88.0621,2000,22.7112,,,,,
19,8,2022,87.4022,2000,22.8827,,,,,
22,8,2022,86.6315,2000,23.0863,,,,,
23,8,2022,87.3936,2000,22.885,,,,,
24,8,2022,88.0002,2000,22.7272,,,,,
25,8,2022,88.0485,2000,22.7148,,,,,
26,8,2022,88.7086,2000,22.5457,,,,,
29,8,2022,88.432,2000,22.6162,,,,,
30,8,2022,89.5904,2000,22.3238,,,,,
1,9,2022,90.1743,2000,22.1793,,,,,
2,9,2022,90.1777,2000,22.1784,,,,,
5,9,2022,90.9898,2000,21.9805,,,,,
6,9,2022,91.1289,2000,21.9469,,,,,
7,9,2022,91.8033,2000,21.7857,,,,,
8,9,2022,92.4181,2000,21.6408,,,,,
9,9,2022,92.7419,2000,21.5652,,,,,
12,9,2022,93.8603,2000,21.3083,,,,,
13,9,2022,94.1141,2000,21.2508,,,,,
14,9,2022,94.124,2000,21.2486,,,,,
15,9,2022,94.1662,2000,21.239,,,,,
16,9,2022,92.0237,2000,21.7335,,,,,
19,9,2022,91.7604,2000,21.7959,,,,,
20,9,2022,92.8886,2000,21.5312,,,,,
21,9,2022,92.4419,2000,21.6352,,,,,
22,9,2022,92.7034,2000,21.5742,,,,,
23,9,2022,91.1926,2000,21.9316,,,,,
26,9,2022,88.5749,2000,22.5798,,,,,
27,9,2022,88.9439,2000,22.4861,,,,,
28,9,2022,88.7304,2000,22.5402,,,,,
29,9,2022,89.0191,2000,22.4671,,,,,
30,9,2022,90.5927,2000,22.0768,,,,,
3,10,2022,89.963,2000,22.2314,,,,,
4,10,2022,91.1395,2000,21.9444,,,,,
6,10,2022,92.3258,2000,21.6624,,,,,
7,10,2022,92.7616,2000,21.5606,,,,,
10,10,2022,92.2698,2000,21.6756,,,,,
11,10,2022,91.0915,2000,21.9559,,,,,
12,10,2022,91.4403,2000,21.8722,,,,,
13,10,2022,91.0502,2000,21.9659,,,,,
14,10,2022,90.8645,2000,22.0108,,,,,
17,10,2022,90.8197,2000,22.0217,,,,,
18,10,2022,91.7184,2000,21.8059,,,,,
19,10,2022,91.7316,2000,21.8027,,,,,
20,10,2022,91.7449,2000,21.7996,,,,,
21,10,2022,91.066,2000,21.9621,,,,,
25,10,2022,92.1268,2000,21.7092,,,,,
27,10,2022,92.3183,2000,21.6642,,,,,
28,10,2022,91.589,2000,21.8367,,,,,
31,10,2022,92.2176,2000,21.6878,,,,,
1,11,2022,92.4542,2000,21.6323,,,,,
2,11,2022,92.5431,2000,21.6116,,,,,
3,11,2022,92.7451,2000,21.5645,,,,,
4,11,2022,92.6578,2000,21.5848,,,,,
7,11,2022,93.1432,2000,21.4723,,,,,
9,11,2022,92.6066,2000,21.5967,,,,,
10,11,2022,91.5857,2000,21.8375,,,,,
11,11,2022,92.1104,2000,21.7131,,,,,
14,11,2022,92.1636,2000,21.7005,,,,,
15,11,2022,92.353,2000,21.656,,,,,
16,11,2022,92.5242,2000,21.616,,,,,
17,11,2022,92.6323,2000,21.5907,,,,,
18,11,2022,92.5008,2000,21.6214,,,,,
21,11,2022,92.3786,2000,21.65,,,,,
22,11,2022,92.3223,2000,21.6632,,,,,
23,11,2022,92.8396,2000,21.5425,,,,,
24,11,2022,93.4623,2000,21.399,,,,,
25,11,2022,94.0532,2000,21.2646,,,,,
28,11,2022,94.6448,2000,21.1316,,,,,
29,11,2022,94.2284,2000,21.225,,,,,
30,11,2022,94.7279,2000,21.1131,,,,,
1,12,2022,95.2589,2000,20.9954,,,,,
2,12,2022,95.8854,2000,20.8582,,,,,
5,12,2022,95.9688,2000,20.8401,,,,,
6,12,2022,95.7498,2000,20.8878,,,,,
7,12,2022,95.4145,2000,20.9612,,,,,
8,12,2022,95.7603,2000,20.8855,,,,,
9,12,2022,95.0404,2000,21.0437,,,,,
12,12,2022,95.4121,2000,20.9617,,,,,
13,12,2022,95.7744,2000,20.8824,,,,,
14,12,2022,96.1409,2000,20.8028,,,,,
15,12,2022,95.4954,2000,20.9434,,,,,
16,12,2022,94.7123,2000,21.1166,,,,,
19,12,2022,94.9574,2000,21.0621,,,,,
20,12,2022,94.846,2000,21.0868,,,,,
21,12,2022,93.0428,2000,21.4955,,,,,
22,12,2022,91.8098,2000,21.7842,,,,,
23,12,2022,88.6651,2000,22.5568,,,,,
26,12,2022,90.7953,2000,22.0276,,,,,
27,12,2022,92.0096,2000,21.7369,,,,,
28,12,2022,92.2764,2000,21.674,,,,,
29,12,2022,92.4259,2000,21.639,,,,,
30,12,2022,93.0064,2000,21.5039,,,,,
2,1,2023,93.5746,2000,21.3733,,,,,
3,1,2023,93.7146,2000,21.3414,,,,,
4,1,2023,92.9431,2000,21.5185,,,,,
5,1,2023,93.0373,2000,21.4968,,,,,
6,1,2023,92.5414,2000,21.6119,,,,,
9,1,2023,93.1486,2000,21.4711,,,,,
10,1,2023,92.6868,2000,21.578,,,,,
11,1,2023,92.7691,2000,21.5589,,,,,
12,1,2023,92.9132,2000,21.5255,,,,,
13,1,2023,93.1301,2000,21.4753,,,,,
16,1,2023,92.6976,2000,21.5755,,,,,
17,1,2023,92.8736,2000,21.5346,,,,,
18,1,2023,93.0829,2000,21.4862,,,,,
19,1,2023,93.0058,2000,21.504,,,,,
20,1,2023,92.5992,2000,21.5985,,,,,
23,1,2023,92.2983,2000,21.6689,,,,,
24,1,2023,92.0752,2000,21.7214,,,,,
25,1,2023,91.2028,2000,21.9292,,,,,
27,1,2023,89.5307,2000,22.3387,,,,,
30,1,2023,89.4896,2000,22.349,,,,,
31,1,2023,91.5802,2000,21.8388,,,,,
1,2,2023,90.6672,2000,22.0587,,,,,
2,2,2023,90.9944,2000,21.9794,,,,,
3,2,2023,91.0205,2000,21.9731,,,,,
6,2,2023,91.3666,2000,21.8898,,,,,
7,2,2023,91.6118,2000,21.8312,,,,,
8,2,2023,92.0033,2000,21.7384,,,,,
9,2,2023,91.9568,2000,21.7493,,,,,
10,2,2023,92.4691,2000,21.6288,,,,,
13,2,2023,91.6887,2000,21.8129,,,,,
14,2,2023,91.4224,2000,21.8765,,,,,
15,2,2023,91.8834,2000,21.7667,,,,,
16,2,2023,92.5941,2000,21.5996,,,,,
17,2,2023,92.4016,2000,21.6446,,,,,
20,2,2023,92.313,2000,21.6654,,,,,
21,2,2023,92.1433,2000,21.7053,,,,,
22,2,2023,90.9371,2000,21.9932,,,,,
23,2,2023,91.1332,2000,21.9459,,,,,
24,2,2023,91.2687,2000,21.9133,,,,,
27,2,2023,90.2789,2000,22.1536,,,,,
28,2,2023,90.634,2000,22.0668,,,,,
1,3,2023,91.7398,2000,21.8008,,,,,
2,3,2023,91.5887,2000,21.8368,,,,,
3,3,2023,92.2829,2000,21.6725,,,,,
6,3,2023,93.0291,2000,21.4986,,,,,
8,3,2023,93.581,2000,21.3719,,,,,
9,3,2023,93.3518,2000,21.4243,,,,,
10,3,2023,92.8092,2000,21.5496,,,,,
13,3,2023,91.0367,2000,21.9692,,,,,
14,3,2023,90.4058,2000,22.1225,,,,,
15,3,2023,90.632,2000,22.0673,,,,,
16,3,2023,90.0617,2000,22.207,,,,,
17,3,2023,90.5095,2000,22.0971,,,,,
20,3,2023,89.6976,2000,22.2971,,,,,
21,3,2023,90.202,2000,22.1725,,,,,
22,3,2023,90.8907,2000,22.0045,,,,,
23,3,2023,90.7287,2000,22.0437,,,,,
24,3,2023,89.8254,2000,22.2654,,,,,
27,3,2023,88.8252,2000,22.5161,,,,,
28,3,2023,88.3742,2000,22.631,,,,,
29,3,2023,89.6879,2000,22.2996,,,,,
31,3,2023,90.923,2000,21.9966,,,,,
3,4,2023,91.3427,2000,21.8956,,,,,
5,4,2023,92.1936,2000,21.6935,,,,,
6,4,2023,92.6059,2000,21.5969,,,,,
10,4,2023,92.6305,2000,21.5912,,,,,
11,4,2023,93.1048,2000,21.4812,,,,,
12,4,2023,93.3934,2000,21.4148,,,,,
13,4,2023,93.6779,2000,21.3498,,,,,
17,4,2023,93.8078,2000,21.3202,,,,,
18,4,2023,93.9634,2000,21.2849,,,,,
19,4,2023,94.0124,2000,21.2738,,,,,
20,4,2023,94.0743,2000,21.2598,,,,,
21,4,2023,93.9608,2000,21.2855,,,,,
24,4,2023,94.2655,2000,21.2167,,,,,
25,4,2023,94.395,2000,21.1876,,,,,
26,4,2023,94.583,2000,21.1454,,,,,
27,4,2023,95.0063,2000,21.0512,,,,,
28,4,2023,95.8027,2000,20.8762,,,,,
2,5,2023,96.4071,2000,20.7454,,,,,
3,5,2023,96.8051,2000,20.6601,,,,,
4,5,2023,97.4194,2000,20.5298,,,,,
5,5,2023,97.1177,2000,20.5936,,,,,
8,5,2023,97.859,2000,20.4376,,,,,
9,5,2023,97.5492,2000,20.5025,,,,,
10,5,2023,98.0576,2000,20.3962,,,,,
11,5,2023,98.6352,2000,20.2767,,,,,
12,5,2023,98.6129,2000,20.2813,,,,,
15,5,2023,99.0284,2000,20.1962,,,,,
16,5,2023,99.1075,2000,20.1801,,,,,
17,5,2023,99.4957,2000,20.1014,,,,,
18,5,2023,99.3724,2000,20.1263,,,,,
19,5,2023,99.3825,2000,20.1243,,,,,
22,5,2023,99.9396,2000,20.0121,,,,,
23,5,2023,99.889,2000,20.0222,,,,,
24,5,2023,100.0187,2000,19.9963,,,,,
25,5,2023,100.2175,2000,19.9566,,,,,
26,5,2023,100.7077,2000,19.8595,,,,,
29,5,2023,101.0759,2000,19.7871,,,,,
30,5,2023,101.377,2000,19.7283,,,,,
31,5,2023,102.2026,2000,19.569,,,,,
1,6,2023,102.7717,2000,19.4606,,,,,
2,6,2023,103.3706,2000,19.3479,,,,,
5,6,2023,104.0972,2000,19.2128,,,,,
6,6,2023,104.678,2000,19.1062,,,,,
7,6,2023,105.7374,2000,18.9148,,,,,
8,6,2023,105.1626,2000,19.0182,,,,,
9,6,2023,105.2335,2000,19.0054,,,,,
12,6,2023,105.5836,2000,18.9423,,,,,
13,6,2023,105.8802,2000,18.8893,,,,,
14,6,2023,106.0897,2000,18.852,,,,,
15,6,2023,106.2983,2000,18.815,,,,,
16,6,2023,107.16,2000,18.6637,,,,,
19,6,2023,107.4614,2000,18.6113,,,,,
20,6,2023,107.8986,2000,18.5359,,,,,
21,6,2023,108.6497,2000,18.4078,,,,,
22,6,2023,108.1632,2000,18.4906,,,,,
23,6,2023,107.1352,2000,18.668,,,,,
26,6,2023,107.6367,2000,18.581,,,,,
27,6,2023,108.2667,2000,18.4729,,,,,
28,6,2023,108.4367,2000,18.4439,,,,,
30,6,2023,108.9788,2000,18.3522,,,,,
3,7,2023,109.5069,2000,18.2637,,,,,
4,7,2023,109.4085,2000,18.2801,,,,,
5,7,2023,110.0384,2000,18.1755,,,,,
6,7,2023,110.7228,2000,18.0631,,,,,
7,7,2023,110.3898,2000,18.1176,,,,,
10,7,2023,110.2143,2000,18.1465,,,,,
11,7,2023,111.079,2000,18.0052,,,,,
12,7,2023,111.7157,2000,17.9026,,,,,
13,7,2023,111.2559,2000,17.9766,,,,,
14,7,2023,112.1159,2000,17.8387,,,,,
17,7,2023,113.0054,2000,17.6983,,,,,
18,7,2023,112.4623,2000,17.7837,,,,,
19,7,2023,113.3366,2000,17.6466,,,,,
20,7,2023,113.5398,2000,17.615,,,,,
21,7,2023,113.3722,2000,17.641,,,,,
24,7,2023,113.5863,2000,17.6078,,,,,
25,7,2023,113.8089,2000,17.5733,,,,,
26,7,2023,114.1235,2000,17.5249,,,,,
27,7,2023,114.0606,2000,17.5345,,,,,
28,7,2023,114.4686,2000,17.472,,,,,
31,7,2023,115.6885,2000,17.2878,,,,,
1,8,2023,115.9516,2000,17.2486,,,,,
2,8,2023,114.6756,2000,17.4405,,,,,
3,8,2023,114.7462,2000,17.4298,,,,,
4,8,2023,115.3013,2000,17.3459,,,,,
7,8,2023,115.6138,2000,17.299,,,,,
8,8,2023,116.7436,2000,17.1316,,,,,
9,8,2023,117.01,2000,17.0926,,,,,
10,8,2023,116.7359,2000,17.1327,,,,,
11,8,2023,116.6095,2000,17.1513,,,,,
14,8,2023,115.9517,2000,17.2486,,,,,
16,8,2023,115.6198,2000,17.2981,,,,,
17,8,2023,116.1604,2000,17.2176,,,,,
18,8,2023,115.9324,2000,17.2514,,,,,
21,8,2023,116.701,2000,17.1378,,,,,
22,8,2023,117.7906,2000,16.9793,,,,,
23,8,2023,118.4425,2000,16.8858,,,,,
24,8,2023,118.1843,2000,16.9227,,,,,
25,8,2023,118.0735,2000,16.9386,,,,,
28,8,2023,118.743,2000,16.8431,,,,,
29,8,2023,119.3038,2000,16.7639,,,,,
30,8,2023,120.0462,2000,16.6603,,,,,
31,8,2023,121.157,2000,16.5075,,,,,
1,9,2023,122.1629,2000,16.3716,,,,,
4,9,2023,123.3425,2000,16.215,,,,,
5,9,2023,124.3103,2000,16.0888,,,,,
6,9,2023,124.2334,2000,16.0987,,,,,
7,9,2023,124.5977,2000,16.0517,,,,,
8,9,2023,125.4461,2000,15.9431,,,,,
11,9,2023,126.5262,2000,15.807,,,,,
12,9,2023,122.0915,2000,16.3812,,,,,
13,9,2023,123.15,2000,16.2404,,,,,
14,9,2023,124.0678,2000,16.1202,,,,,
15,9,2023,124.0246,2000,16.1258,,,,,
18,9,2023,123.2336,2000,16.2293,,,,,
20,9,2023,122.4658,2000,16.3311,,,,,
21,9,2023,121.3072,2000,16.4871,,,,,
22,9,2023,121.1794,2000,16.5045,,,,,
25,9,2023,121.4677,2000,16.4653,,,,,
26,9,2023,121.9843,2000,16.3956,,,,,
27,9,2023,122.5857,2000,16.3151,,,,,
29,9,2023,122.6485,2000,16.3068,,,,,
3,10,2023,123.2186,2000,16.2313,,,,,
4,10,2023,122.0034,2000,16.393,,,,,
5,10,2023,122.6614,2000,16.305,,,,,
6,10,2023,123.3582,2000,16.2129,,,,,
9,10,2023,121.6474,2000,16.441,,,,,
10,10,2023,122.9669,2000,16.2645,,,,,
11,10,2023,123.7212,2000,16.1654,,,,,
12,10,2023,124.2841,2000,16.0922,,,,,
13,10,2023,124.1448,2000,16.1102,,,,,
16,10,2023,124.528,2000,16.0606,,,,,
17,10,2023,125.0843,2000,15.9892,,,,,
18,10,2023,124.6406,2000,16.0461,,,,,
19,10,2023,124.5613,2000,16.0564,,,,,
20,10,2023,123.9458,2000,16.1361,,,,,
23,10,2023,119.7977,2000,16.6948,,,,,
25,10,2023,118.7852,2000,16.8371,,,,,
26,10,2023,118.4148,2000,16.8898,,,,,
27,10,2023,120.5619,2000,16.589,,,,,
30,10,2023,120.9038,2000,16.5421,,,,,
31,10,2023,120.985,2000,16.531,,,,,
1,11,2023,120.881,2000,16.5452,,,,,
2,11,2023,121.9018,2000,16.4066,,,,,
3,11,2023,122.9365,2000,16.2686,,,,,
6,11,2023,123.9694,2000,16.133,,,,,
7,11,2023,123.9736,2000,16.1325,,,,,
8,11,2023,124.5354,2000,16.0597,,,,,
9,11,2023,124.3403,2000,16.0849,,,,,
10,11,2023,124.6314,2000,16.0473,,,,,
13,11,2023,125.7889,2000,15.8997,,,,,
15,11,2023,126.8642,2000,15.7649,,,,,
16,11,2023,127.1134,2000,15.734,,,,,
17,11,2023,127.5904,2000,15.6752,,,,,
20,11,2023,128.1785,2000,15.6032,,,,,
21,11,2023,128.3999,2000,15.5763,,,,,
22,11,2023,128.8279,2000,15.5246,,,,,
23,11,2023,128.8981,2000,15.5161,,,,,
24,11,2023,129.0956,2000,15.4924,,,,,
28,11,2023,129.3046,2000,15.4674,,,,,
29,11,2023,130.0317,2000,15.3809,,,,,
30,11,2023,131.1034,2000,15.2551,,,,,
1,12,2023,131.6131,2000,15.1961,,,,,
4,12,2023,133.3121,2000,15.0024,,,,,
5,12,2023,133.5381,2000,14.977,,,,,
6,12,2023,133.6698,2000,14.9622,,,,,
7,12,2023,133.7225,2000,14.9563,,,,,
8,12,2023,133.0588,2000,15.0309,,,,,
11,12,2023,134.3457,2000,14.887,,,,,
12,12,2023,133.9218,2000,14.9341,,,,,
13,12,2023,134.75,2000,14.8423,,,,,
14,12,2023,135.6741,2000,14.7412,,,,,
15,12,2023,136.2274,2000,14.6813,,,,,
18,12,2023,136.8879,2000,14.6105,,,,,
19,12,2023,136.9716,2000,14.6016,,,,,
20,12,2023,133.6018,2000,14.9699,,,,,
21,12,2023,135.5012,2000,14.76,,,,,
22,12,2023,136.5879,2000,14.6426,,,,,
26,12,2023,137.0521,2000,14.593,,,,,
27,12,2023,137.704,2000,14.5239,,,,,
28,12,2023,137.623,2000,14.5325,,,,,
29,12,2023,138.5047,2000,14.4399,,,,,
1,1,2024,139.1762,2000,14.3703,,,,,
2,1,2024,138.8607,2000,14.4029,,,,,
3,1,2024,138.8839,2000,14.4005,,,,,
4,1,2024,139.9626,2000,14.2895,,,,,
5,1,2024,140.4394,2000,14.241,,,,,
8,1,2024,139.326,2000,14.3548,,,,,
9,1,2024,139.6289,2000,14.3237,,,,,
10,1,2024,139.9727,2000,14.2885,,,,,
11,1,2024,140.7611,2000,14.2085,,,,,
12,1,2024,141.1337,2000,14.171,,,,,
15,1,2024,141.6797,2000,14.1163,,,,,
16,1,2024,140.9926,2000,14.1851,,,,,
17,1,2024,139.6838,2000,14.3181,,,,,
18,1,2024,139.4293,2000,14.3442,,,,,
19,1,2024,140.7669,2000,14.2079,,,,,
23,1,2024,137.8714,2000,14.5063,,,,,
24,1,2024,139.766,2000,14.3096,,,,,
25,1,2024,140.131,2000,14.2724,,,,,
29,1,2024,141.6705,2000,14.1173,,,,,
30,1,2024,141.4361,2000,14.1407,,,,,
31,1,2024,143.5166,2000,13.9357,,,,,
1,2,2024,143.1452,2000,13.9718,,,,,
2,2,2024,143.6546,2000,13.9223,,,,,
5,2,2024,143.3979,2000,13.9472,,,,,
6,2,2024,144.9022,2000,13.8024,,,,,
7,2,2024,145.0926,2000,13.7843,,,,,
8,2,2024,144.7137,2000,13.8204,,,,,
9,2,2024,143.361,2000,13.9508,,,,,
12,2,2024,140.0706,2000,14.2785,,,,,
13,2,2024,139.9215,2000,14.2937,,,,,
14,2,2024,140.8546,2000,14.199,,,,,
15,2,2024,141.9004,2000,14.0944,,,,,
16,2,2024,143.1126,2000,13.975,,,,,
19,2,2024,143.738,2000,13.9142,,,,,
20,2,2024,143.6065,2000,13.9269,,,,,
21,2,2024,142.6268,2000,14.0226,,,,,
22,2,2024,143.3511,2000,13.9518,,,,,
23,2,2024,144.3596,2000,13.8543,,,,,
26,2,2024,144.4498,2000,13.8456,,,,,
27,2,2024,144.0555,2000,13.8835,,,,,
28,2,2024,142.2488,2000,14.0599,,,,,
29,2,2024,142.5407,2000,14.0311,,,,,
1,3,2024,143.7888,2000,13.9093,,,,,
4,3,2024,144.225,2000,13.8672,,,,,
5,3,2024,143.4178,2000,13.9453,,,,,
6,3,2024,141.3847,2000,14.1458,,,,,
7,3,2024,142.3717,2000,14.0477,,,,,
11,3,2024,140.5597,2000,14.2288,,,,,
12,3,2024,138.5669,2000,14.4335,,,,,
13,3,2024,132.8328,2000,15.0565,,,,,
14,3,2024,135.7549,2000,14.7324,,,,,
15,3,2024,135.9442,2000,14.7119,,,,,
18,3,2024,136.15,2000,14.6897,,,,,
19,3,2024,135.1109,2000,14.8027,,,,,
20,3,2024,135.1435,2000,14.7991,,,,,
21,3,2024,137.7406,2000,14.52,,,,,
22,3,2024,139.211,2000,14.3667,,,,,
26,3,2024,139.5322,2000,14.3336,,,,,
27,3,2024,140.7914,2000,14.2054,,,,,
28,3,2024,141.2388,2000,14.1604,,,,,
31,3,2024,141.2247,2000,14.1618,,,,,
1,4,2024,144.2327,2000,13.8665,,,,,
2,4,2024,145.2666,2000,13.7678,,,,,
3,4,2024,146.16,2000,13.6836,,,,,
4,4,2024,146.6017,2000,13.6424,,,,,
5,4,2024,147.0745,2000,13.5986,,,,,
8,4,2024,147.414,2000,13.5672,,,,,
9,4,2024,147.0104,2000,13.6045,,,,,
10,4,2024,147.9301,2000,13.5199,,,,,
12,4,2024,147.2647,2000,13.581,,,,,
15,4,2024,145.4838,2000,13.7472,,,,,
16,4,2024,146.0726,2000,13.6918,,,,,
18,4,2024,146.2187,2000,13.6781,,,,,
19,4,2024,146.4296,2000,13.6584,,,,,
22,4,2024,148.6977,2000,13.4501,,,,,
23,4,2024,149.9781,2000,13.3353,,,,,
24,4,2024,150.8558,2000,13.2577,,,,,
25,4,2024,152.2396,2000,13.1372,,,,,
26,4,2024,153.0103,2000,13.071,,,,,
29,4,2024,153.6303,2000,13.0183,,,,,
30,4,2024,154.3008,2000,12.9617,,,,,
2,5,2024,154.9645,2000,12.9062,,,,,
3,5,2024,154.0879,2000,12.9796,,,,,
6,5,2024,152.6317,2000,13.1034,,,,,
7,5,2024,150.7162,2000,13.27,,,,,
8,5,2024,151.6701,2000,13.1865,,,,,
9,5,2024,148.3951,2000,13.4775,,,,,
10,5,2024,149.4332,2000,13.3839,,,,,
13,5,2024,149.5538,2000,13.3731,,,,,
14,5,2024,151.8998,2000,13.1666,,,,,
15,5,2024,153.9042,2000,12.9951,,,,,
16,5,2024,156.0388,2000,12.8173,,,,,
17,5,2024,157.8758,2000,12.6682,,,,,
21,5,2024,158.1515,2000,12.6461,,,,,
22,5,2024,158.4567,2000,12.6217,,,,,
23,5,2024,158.8619,2000,12.5896,,,,,
24,5,2024,159.0514,2000,12.5746,,,,,
27,5,2024,158.6232,2000,12.6085,,,,,
28,5,2024,157.2219,2000,12.7209,,,,,
29,5,2024,157.0454,2000,12.7352,,,,,
30,5,2024,155.6176,2000,12.852,,,,,
31,5,2024,156.2529,2000,12.7998,,,,,
3,6,2024,159.591,2000,12.532,,,,,
4,6,2024,148.5354,2000,13.4648,,,,,
5,6,2024,152.9679,2000,13.0746,,,,,
6,6,2024,157.1096,2000,12.73,,,,,
7,6,2024,160.432,2000,12.4663,,,,,
10,6,2024,162.0128,2000,12.3447,,,,,
11,6,2024,163.5781,2000,12.2266,,,,,
12,6,2024,165.2095,2000,12.1058,,,,,
13,6,2024,166.5515,2000,12.0083,,,,,
14,6,2024,167.9978,2000,11.9049,,,,,
18,6,2024,169.6365,2000,11.7899,,,,,
19,6,2024,168.5444,2000,11.8663,,,,,
20,6,2024,169.0149,2000,11.8333,,,,,
21,6,2024,168.6822,2000,11.8566,,,,,
24,6,2024,169.4259,2000,11.8046,,,,,
25,6,2024,169.2716,2000,11.8153,,,,,
26,6,2024,169.6483,2000,11.7891,,,,,
27,6,2024,168.9286,2000,11.8393,,,,,
28,6,2024,169.7002,2000,11.7855,,,,,
1,7,2024,172.6532,2000,11.5839,,,,,
2,7,2024,172.8804,2000,11.5687,,,,,
3,7,2024,174.5421,2000,11.4586,,,,,
4,7,2024,175.599,2000,11.3896,,,,,
5,7,2024,176.2196,2000,11.3495,,,,,
8,7,2024,176.0205,2000,11.3623,,,,,
9,7,2024,176.1341,2000,11.355,,,,,
10,7,2024,175.0638,2000,11.4244,,,,,
11,7,2024,175.9041,2000,11.3698,,,,,
12,7,2024,175.6884,2000,11.3838,,,,,
15,7,2024,176.0108,2000,11.3629,,,,,
16,7,2024,176.4033,2000,11.3377,,,,,
18,7,2024,175.1319,2000,11.42,,,,,
19,7,2024,171.5659,2000,11.6573,,,,,
22,7,2024,172.7835,2000,11.5752,,,,,
23,7,2024,172.4821,2000,11.5954,,,,,
24,7,2024,174.9278,2000,11.4333,,,,,
25,7,2024,175.2534,2000,11.412,,,,,
26,7,2024,177.0504,2000,11.2962,,,,,
29,7,2024,179.069,2000,11.1689,,,,,
30,7,2024,180.0246,2000,11.1096,,,,,
31,7,2024,180.0262,2000,11.1095,,,,,
1,8,2024,178.9522,2000,11.1762,,,,,
2,8,2024,177.4897,2000,11.2683,,,,,
5,8,2024,171.0839,2000,11.6902,,,,,
6,8,2024,170.703,2000,11.7163,,,,,
7,8,2024,174.3065,2000,11.474,,,,,
8,8,2024,172.9573,2000,11.5635,,,,,
9,8,2024,174.0744,2000,11.4893,,,,,
12,8,2024,174.2527,2000,11.4776,,,,,
13,8,2024,172.1791,2000,11.6158,,,,,
14,8,2024,170.7678,2000,11.7118,,,,,
16,8,2024,173.9962,2000,11.4945,,,,,
19,8,2024,175.2558,2000,11.4119,,,,,
20,8,2024,176.6148,2000,11.3241,,,,,
21,8,2024,178.2418,2000,11.2207,,,,,
22,8,2024,178.8274,2000,11.184,,,,,
23,8,2024,179.153,2000,11.1636,,,,,
26,8,2024,179.2994,2000,11.1545,,,,,
27,8,2024,180.3788,2000,11.0878,,,,,
28,8,2024,179.613,2000,11.1351,,,,,
29,8,2024,178.5471,2000,11.2015,,,,,
30,8,2024,180.0614,2000,11.1073,,,,,
2,9,2024,179.454,2000,11.1449,,,,,
3,9,2024,180.2132,2000,11.098,,,,,
4,9,2024,180.291,2000,11.0932,,,,,
5,9,2024,181.1476,2000,11.0407,,,,,
6,9,2024,179.7253,2000,11.1281,,,,,
9,9,2024,178.7433,2000,11.1892,,,,,
10,9,2024,180.5478,2000,11.0774,,,,,
11,9,2024,179.7283,2000,11.1279,,,,,
12,9,2024,181.2681,2000,11.0334,,,,,
13,9,2024,182.0662,2000,10.985,,,,,
16,9,2024,182.3184,2000,10.9698,,,,,
17,9,2024,182.2303,2000,10.9751,,,,,
18,9,2024,181.4633,2000,11.0215,,,,,
19,9,2024,180.0494,2000,11.1081,,,,,
20,9,2024,181.5777,2000,11.0146,,,,,
23,9,2024,183.0384,2000,10.9267,,,,,
24,9,2024,183.5336,2000,10.8972,,,,,
25,9,2024,182.625,2000,10.9514,,,,,
26,9,2024,181.8871,2000,10.9958,,,,,
27,9,2024,182.6247,2000,10.9514,,,,,
30,9,2024,182.1269,2000,10.9814,,,,,
1,10,2024,182.9586,2000,10.9314,,,,,
3,10,2024,179.6173,2000,11.1348,,,,,
4,10,2024,178.2702,2000,11.2189,,,,,
7,10,2024,173.8581,2000,11.5036,,,,,
8,10,2024,177.4851,2000,11.2686,,,,,
9,10,2024,179.5586,2000,11.1384,,,,,
10,10,2024,180.468,2000,11.0823,,,,,
11,10,2024,180.8805,2000,11.057,,,,,
14,10,2024,181.2402,2000,11.0351,,,,,
15,10,2024,183.0246,2000,10.9275,,,,,
16,10,2024,183.185,2000,10.9179,,,,,
17,10,2024,180.8404,2000,11.0595,,,,,
18,10,2024,180.9819,2000,11.0508,,,,,
21,10,2024,179.0014,2000,11.1731,,,,,
22,10,2024,173.4927,2000,11.5279,,,,,
23,10,2024,174.4852,2000,11.4623,,,,,
24,10,2024,173.5526,2000,11.5239,,,,,
25,10,2024,170.4461,2000,11.7339,,,,,
28,10,2024,171.6261,2000,11.6532,,,,,
29,10,2024,173.0505,2000,11.5573,,,,,
30,10,2024,174.3651,2000,11.4702,,,,,
31,10,2024,176.6872,2000,11.3194,,,,,
4,11,2024,175.5744,2000,11.3912,,,,,
5,11,2024,176.3258,2000,11.3426,,,,,
6,11,2024,179.3748,2000,11.1498,,,,,
7,11,2024,178.3956,2000,11.211,,,,,
8,11,2024,175.9357,2000,11.3678,,,,,
11,11,2024,174.1453,2000,11.4847,,,,,
12,11,2024,171.6583,2000,11.6511,,,,,
13,11,2024,167.0815,2000,11.9702,,,,,
14,11,2024,168.1167,2000,11.8965,,,,,
18,11,2024,167.259,2000,11.9575,,,,,
19,11,2024,169.0455,2000,11.8311,,,,,
21,11,2024,167.8224,2000,11.9174,,,,,
22,11,2024,169.075,2000,11.8291,,,,,
25,11,2024,171.7566,2000,11.6444,,,,,
26,11,2024,172.969,2000,11.5628,,,,,
27,11,2024,174.7623,2000,11.4441,,,,,
28,11,2024,174.9567,2000,11.4314,,,,,
29,11,2024,176.0509,2000,11.3604,,,,,
2,12,2024,177.2085,2000,11.2861,,,,,
3,12,2024,178.5132,2000,11.2037,,,,,
4,12,2024,179.2648,2000,11.1567,,,,,
5,12,2024,179.9312,2000,11.1154,,,,,
6,12,2024,180.917,2000,11.0548,,,,,
9,12,2024,181.4706,2000,11.0211,,,,,
10,12,2024,182.1737,2000,10.9785,,,,,
11,12,2024,182.738,2000,10.9446,,,,,
12,12,2024,181.3026,2000,11.0313,,,,,
13,12,2024,181.0106,2000,11.0491,,,,,
16,12,2024,181.9188,2000,10.9939,,,,,
17,12,2024,180.6312,2000,11.0723,,,,,
18,12,2024,179.5017,2000,11.142,,,,,
19,12,2024,179.0441,2000,11.1704,,,,,
20,12,2024,175.1493,2000,11.4188,,,,,
23,12,2024,174.0821,2000,11.4888,,,,,
24,12,2024,174.5509,2000,11.458,,,,,
26,12,2024,174.1837,2000,11.4821,,,,,
27,12,2024,174.5861,2000,11.4557,,,,,
30,12,2024,173.4204,2000,11.5327,,,,,
31,12,2024,174.6142,2000,11.4538,,,,,
1,1,2025,175.8569,2000,11.3729,,,,,
2,1,2025,176.9282,2000,11.304,,,,,
3,1,2025,176.534,2000,11.3293,,,,,
6,1,2025,171.6373,2000,11.6525,,,,,
7,1,2025,174.1755,2000,11.4827,,,,,
8,1,2025,171.8004,2000,11.6414,,,,,
9,1,2025,170.168,2000,11.7531,,,,,
10,1,2025,166.728,2000,11.9956,,,,,
13,1,2025,160.4127,2000,12.4678,,,,,
14,1,2025,162.7919,2000,12.2856,,,,,
15,1,2025,163.7674,2000,12.2124,,,,,
16,1,2025,165.5945,2000,12.0777,,,,,
17,1,2025,165.5751,2000,12.0791,,,,,
20,1,2025,166.3731,2000,12.0212,,,,,
21,1,2025,163.3217,2000,12.2458,,,,,
22,1,2025,161.1493,2000,12.4109,,,,,
23,1,2025,162.2694,2000,12.3252,,,,,
24,1,2025,158.6367,2000,12.6074,,,,,
27,1,2025,154.266,2000,12.9646,,,,,
28,1,2025,151.6648,2000,13.187,,,,,
29,1,2025,155.6824,2000,12.8467,,,,,
30,1,2025,155.8142,2000,12.8358,,,,,
31,1,2025,158.4261,2000,12.6242,,,,,
3,2,2025,156.3485,2000,12.7919,,,,,
4,2,2025,157.7593,2000,12.6775,,,,,
5,2,2025,159.1607,2000,12.5659,,,,,
6,2,2025,158.8931,2000,12.5871,,,,,
7,2,2025,158.1078,2000,12.6496,,,,,
10,2,2025,155.0927,2000,12.8955,,,,,
11,2,2025,150.6868,2000,13.2726,,,,,
12,2,2025,150.1118,2000,13.3234,,,,,
13,2,2025,149.6318,2000,13.3661,,,,,
14,2,2025,145.8709,2000,13.7108,,,,,
17,2,2025,145.3545,2000,13.7595,,,,,
18,2,2025,143.9317,2000,13.8955,,,,,
19,2,2025,145.9325,2000,13.705,,,,,
20,2,2025,147.7154,2000,13.5395,,,,,
21,2,2025,146.906,2000,13.6141,,,,,
24,2,2025,145.2014,2000,13.774,,,,,
25,2,2025,144.4657,2000,13.8441,,,,,
27,2,2025,142.4853,2000,14.0365,,,,,
28,2,2025,139.4787,2000,14.3391,,,,,
3,3,2025,138.6454,2000,14.4253,,,,,
4,3,2025,140.2624,2000,14.259,,,,,
5,3,2025,143.4192,2000,13.9451,,,,,
6,3,2025,145.5344,2000,13.7425,,,,,
7,3,2025,146.3287,2000,13.6679,,,,,
10,3,2025,143.9097,2000,13.8976,,,,,
11,3,2025,143.4802,2000,13.9392,,,,,
12,3,2025,143.2446,2000,13.9621,,,,,
13,3,2025,142.2304,2000,14.0617,,,,,
17,3,2025,142.2698,2000,14.0578,,,,,
18,3,2025,145.6273,2000,13.7337,,,,,
19,3,2025,147.9036,2000,13.5223,,,,,
20,3,2025,149.2824,2000,13.3974,,,,,
21,3,2025,151.6513,2000,13.1881,,,,,
24,3,2025,153.6608,2000,13.0157,,,,,
25,3,2025,151.6368,2000,13.1894,,,,,
26,3,2025,149.4575,2000,13.3817,,,,,
27,3,2025,149.9804,2000,13.3351,,,,,
28,3,2025,149.8593,2000,13.3459,,,,,
31,3,2025,149.8461,2000,13.347,,,,,
1,4,2025,149.5289,2000,13.3753,,,,,
2,4,2025,150.9445,2000,13.2499,,,,,
3,4,2025,151.8559,2000,13.1704,,,,,
4,4,2025,147.9074,2000,13.522,,,,,
7,4,2025,143.1841,2000,13.968,,,,,
8,4,2025,145.8338,2000,13.7142,,,,,
9,4,2025,144.6251,2000,13.8289,,,,,
11,4,2025,148.1561,2000,13.4993,,,,,
15,4,2025,152.1585,2000,13.1442,,,,,
16,4,2025,153.3499,2000,13.0421,,,,,
17,4,2025,153.9971,2000,12.9873,,,,,
21,4,2025,156.2945,2000,12.7964,,,,,
22,4,2025,157.8978,2000,12.6664,,,,,
23,4,2025,158.3793,2000,12.6279,,,,,
24,4,2025,158.4337,2000,12.6236,,,,,
25,4,2025,154.9339,2000,12.9087,,,,,
28,4,2025,155.9102,2000,12.8279,,,,,
29,4,2025,156.4352,2000,12.7848,,,,,
30,4,2025,154.4184,2000,12.9518,,,,,
2,5,2025,154.2098,2000,12.9693,,,,,
5,5,2025,155.6609,2000,12.8484,,,,,
6,5,2025,152.5431,2000,13.111,,,,,
7,5,2025,153.9884,2000,12.988,,,,,
8,5,2025,152.7056,2000,13.0971,,,,,
9,5,2025,151.8315,2000,13.1725,,,,,
12,5,2025,157.3824,2000,12.7079,,,,,
13,5,2025,158.399,2000,12.6263,,,,,
14,5,2025,160.3069,2000,12.4761,,,,,
15,5,2025,161.8277,2000,12.3588,,,,,
16,5,2025,163.7971,2000,12.2102,,,,,
19,5,2025,164.2814,2000,12.1742,,,,,
20,5,2025,162.873,2000,12.2795,,,,,
21,5,2025,163.6786,2000,12.2191,,,,,
22,5,2025,163.2106,2000,12.2541,,,,,
23,5,2025,163.9682,2000,12.1975,,,,,
26,5,2025,164.6433,2000,12.1475,,,,,
27,5,2025,164.5677,2000,12.1531,,,,,
28,5,2025,164.8965,2000,12.1288,,,,,
29,5,2025,165.4055,2000,12.0915,,,,,
30,5,2025,165.8356,2000,12.0601,,,,,
2,6,2025,166.611,2000,12.004,,,,,
3,6,2025,166.2191,2000,12.0323,,,,,
4,6,2025,166.9657,2000,11.9785,,,,,
5,6,2025,167.9927,2000,11.9053,,,,,
6,6,2025,168.4854,2000,11.8705,,,,,
9,6,2025,170.2885,2000,11.7448,,,,,
10,6,2025,170.9293,2000,11.7007,,,,,
11,6,2025,170.6787,2000,11.7179,,,,,
12,6,2025,168.4724,2000,11.8714,,,,,
13,6,2025,167.8966,2000,11.9121,,,,,
16,6,2025,168.4913,2000,11.87,,,,,
17,6,2025,168.0095,2000,11.9041,,,,,
18,6,2025,167.7465,2000,11.9228,,,,,
19,6,2025,165.388,2000,12.0928,,,,,
20,6,2025,166.5055,2000,12.0116,,,,,
23,6,2025,167.3566,2000,11.9505,,,,,
24,6,2025,167.9702,2000,11.9069,,,,,
25,6,2025,170.3718,2000,11.739,,,,,
26,6,2025,171.1799,2000,11.6836,,,,,
27,6,2025,172.0954,2000,11.6215,,,,,
30,6,2025,173.3444,2000,11.5377,,,,,
1,7,2025,173.2415,2000,11.5446,,,,,
2,7,2025,172.8206,2000,11.5727,,,,,
3,7,2025,173.2482,2000,11.5441,,,,,
4,7,2025,173.4918,2000,11.5279,,,,,
7,7,2025,172.9456,2000,11.5643,,,,,
8,7,2025,172.7231,2000,11.5792,,,,,
9,7,2025,173.5281,2000,11.5255,,,,,
10,7,2025,173.5276,2000,11.5255,,,,,
11,7,2025,172.9578,2000,11.5635,,,,,
14,7,2025,173.4782,2000,11.5288,,,,,
15,7,2025,174.5324,2000,11.4592,,,,,
16,7,2025,175.1697,2000,11.4175,,,,,
17,7,2025,175.3955,2000,11.4028,,,,,
18,7,2025,174.1071,2000,11.4872,,,,,
21,7,2025,174.4816,2000,11.4625,,,,,
22,7,2025,174.0801,2000,11.489,,,,,
23,7,2025,174.2423,2000,11.4783,,,,,
24,7,2025,173.5002,2000,11.5274,,,,,
25,7,2025,170.4222,2000,11.7356,,,,,
28,7,2025,168.6699,2000,11.8575,,,,,
29,7,2025,170.2329,2000,11.7486,,,,,
30,7,2025,170.4661,2000,11.7325,,,,,
31,7,2025,169.4115,2000,11.8056,,,,,
1,8,2025,167.4395,2000,11.9446,,,,,
4,8,2025,168.8079,2000,11.8478,,,,,
5,8,2025,168.2722,2000,11.8855,,,,,
6,8,2025,166.9121,2000,11.9824,,,,,
7,8,2025,166.4815,2000,12.0133,,,,,
8,8,2025,164.6688,2000,12.1456,,,,,
11,8,2025,165.5806,2000,12.0787,,,,,
12,8,2025,165.5186,2000,12.0832,,,,,
13,8,2025,165.9342,2000,12.053,,,,,
14,8,2025,165.3427,2000,12.0961,,,,,
18,8,2025,167.3064,2000,11.9541,,,,,
19,8,2025,169.1831,2000,11.8215,,,,,
20,8,2025,169.5857,2000,11.7934,,,,,
21,8,2025,169.4406,2000,11.8035,,,,,
22,8,2025,168.7757,2000,11.85,,,,,
25,8,2025,168.8843,2000,11.8424,,,,,
26,8,2025,166.3107,2000,12.0257,,,,,
28,8,2025,164.9187,2000,12.1272,,,,,
29,8,2025,164.3999,2000,12.1655,,,,,
1,9,2025,166.8871,2000,11.9841,,,,,
2,9,2025,167.4434,2000,11.9443,,,,,
3,9,2025,168.6281,2000,11.8604,,,,,
4,9,2025,167.9821,2000,11.906,,,,,
5,9,2025,167.863,2000,11.9145,,,,,
8,9,2025,167.9853,2000,11.9058,,,,,
9,9,2025,168.4892,2000,11.8702,,,,,
10,9,2025,169.6785,2000,11.787,,,,,
11,9,2025,169.6863,2000,11.7865,,,,,
12,9,2025,170.1422,2000,11.7549,,,,,
15,9,2025,170.6445,2000,11.7203,,,,,
16,9,2025,171.5681,2000,11.6572,,,,,
17,9,2025,172.4462,2000,11.5978,,,,,
18,9,2025,172.3582,2000,11.6037,,,,,
19,9,2025,172.5187,2000,11.5929,,,,,
22,9,2025,171.4709,2000,11.6638,,,,,
23,9,2025,170.8259,2000,11.7078,,,,,
24,9,2025,170.0943,2000,11.7582,,,,,
25,9,2025,169.1034,2000,11.8271,,,,,
26,9,2025,166.2796,2000,12.0279,,,,,
30,9,2025,165.7842,2000,12.0639,,,,,
1,10,2025,167.0603,2000,11.9717,,,,,
3,10,2025,168.4182,2000,11.8752,,,,,
6,10,2025,168.6473,2000,11.8591,,,,,
7,10,2025,168.45,2000,11.873,,,,,
8,10,2025,167.8087,2000,11.9183,,,,,
9,10,2025,167.9474,2000,11.9085,,,,,
10,10,2025,168.7522,2000,11.8517,,,,,
13,10,2025,168.3472,2000,11.8802,,,,,
14,10,2025,167.1161,2000,11.9677,,,,,
15,10,2025,168.2041,2000,11.8903,,,,,
16,10,2025,169.4694,2000,11.8015,,,,,
17,10,2025,169.4325,2000,11.8041,,,,,
20,10,2025,169.952,2000,11.768,,,,,
23,10,2025,170.9116,2000,11.702,,,,,
24,10,2025,170.4083,2000,11.7365,,,,,
27,10,2025,171.1601,2000,11.685,,,,,
28,10,2025,171.1353,2000,11.6867,,,,,
29,10,2025,172.2507,2000,11.611,,,,,
30,10,2025,172.0554,2000,11.6242,,,,,
31,10,2025,171.1762,2000,11.6839,,,,,
3,11,2025,172.3936,2000,11.6014,,,,,
4,11,2025,171.6254,2000,11.6533,,,,,
6,11,2025,169.0435,2000,11.8313,,,,,
7,11,2025,168.6484,2000,11.859,,,,,
10,11,2025,168.953,2000,11.8376,,,,,
11,11,2025,168.9192,2000,11.84,,,,,
12,11,2025,170.2467,2000,11.7477,,,,,
13,11,2025,169.9204,2000,11.7702,,,,,
14,11,2025,170.0378,2000,11.7621,,,,,
17,11,2025,171.1042,2000,11.6888,,,,,
18,11,2025,170.5262,2000,11.7284,,,,,
19,11,2025,170.1639,2000,11.7534,,,,,
20,11,2025,170.2428,2000,11.7479,,,,,
21,11,2025,168.1742,2000,11.8924,,,,,
24,11,2025,167.666,2000,11.9285,,,,,
25,11,2025,167.7104,2000,11.9253,,,,,
26,11,2025,169.3724,2000,11.8083,,,,,
27,11,2025,168.8428,2000,11.8453,,,,,
28,11,2025,168.4978,2000,11.8696,,,,,
1,12,2025,168.4277,2000,11.8745,,,,,
2,12,2025,167.889,2000,11.9126,,,,,
3,12,2025,166.6594,2000,12.0005,,,,,
4,12,2025,166.3402,2000,12.0236,,,,,
5,12,2025,165.5,2000,12.0846,,,,,
8,12,2025,162.6788,2000,12.2942,,,,,
9,12,2025,164.0898,2000,12.1884,,,,,
10,12,2025,163.4385,2000,12.237,,,,,
11,12,2025,164.2269,2000,12.1783,,,,,
12,12,2025,165.3321,2000,12.0969,,,,,
15,12,2025,165.8331,2000,12.0603,,,,,
16,12,2025,164.8457,2000,12.1326,,,,,
17,12,2025,163.9543,2000,12.1985,,,,,
18,12,2025,163.3111,2000,12.2466,,,,,
19,12,2025,164.8277,2000,12.1339,,,,,
22,12,2025,166.3896,2000,12.02,,,,,
23,12,2025,166.5938,2000,12.0052,,,,,
24,12,2025,166.1545,2000,12.037,,,,,
26,12,2025,165.9035,2000,12.0552,,,,,
29,12,2025,165.0255,2000,12.1193,,,,,
30,12,2025,164.5852,2000,12.1518,,,,,
31,12,2025,166.3286,2000,12.0244,,,,,
1,1,2026,166.2226,2000,12.0321,,,,,
2,1,2026,167.4323,2000,11.9451,,,,,
5,1,2026,167.6217,2000,11.9316,,,,,
6,1,2026,166.8672,2000,11.9856,,,,,
7,1,2026,166.9949,2000,11.9764,,,,,
8,1,2026,164.0943,2000,12.1881,,,,,
9,1,2026,161.9953,2000,12.346,,,,,
12,1,2026,161.0105,2000,12.4216,,,,,
13,1,2026,161.5614,2000,12.3792,,,,,
14,1,2026,161.8838,2000,12.3545,,,,,
16,1,2026,161.3699,2000,12.3939,,,,,
19,1,2026,159.7886,2000,12.5165,,,,,
20,1,2026,156.5605,2000,12.7746,,,,,
21,1,2026,155.3678,2000,12.8727,,,,,
22,1,2026,157.1754,2000,12.7246,,,,,
23,1,2026,154.4979,2000,12.9452,,,,,
27,1,2026,155.3937,2000,12.8705,,,,,
28,1,2026,157.6279,2000,12.6881,,,,,
29,1,2026,157.5467,2000,12.6946,,,,,
30,1,2026,159.2525,2000,12.5587,,,,,
2,2,2026,157.3481,2000,12.7107,,,,,
3,2,2026,162.0543,2000,12.3415,,,,,
4,2,2026,163.1159,2000,12.2612,,,,,
5,2,2026,161.874,2000,12.3553,,,,,
6,2,2026,161.3367,2000,12.3964,,,,,
9,2,2026,164.5776,2000,12.1523,,,,,
10,2,2026,165.8132,2000,12.0618,,,,,
11,2,2026,165.6608,2000,12.0729,,,,,
12,2,2026,164.5186,2000,12.1567,,,,,
13,2,2026,162.7038,2000,12.2923,,,,,
16,2,2026,162.7355,2000,12.2899,,,,,
17,2,2026,163.928,2000,12.2005,,,,,
18,2,2026,164.458,2000,12.1612,,,,,
19,2,2026,162.5703,2000,12.3024,,,,,
20,2,2026,162.8777,2000,12.2792,,,,,
23,2,2026,163.5142,2000,12.2314,,,,,
24,2,2026,162.3745,2000,12.3172,,,,,
25,2,2026,162.9218,2000,12.2758,,,,,
26,2,2026,163.2347,2000,12.2523,,,,,
27,2,2026,162.1622,2000,12.3333,,,,,
2,3,2026,159.4427,2000,12.5437,,,,,
4,3,2026,156.5978,2000,12.7716,,,,,
5,3,2026,158.1671,2000,12.6449,,,,,
6,3,2026,157.6246,2000,12.6884,,,,,
9,3,2026,154.5261,2000,12.9428,,,,,
10,3,2026,157.1087,2000,12.73,,,,,
11,3,2026,156.4655,2000,12.7824,,,,,
12,3,2026,156.1363,2000,12.8093,,,,,
13,3,2026,152.2415,2000,13.137,,,,,
16,3,2026,152.1545,2000,13.1445,,,,,
17,3,2026,153.0858,2000,13.0646,,,,,
18,3,2026,155.1894,2000,12.8875,,,,,
19,3,2026,151.4367,2000,13.2068,,,,,
20,3,2026,151.9206,2000,13.1648,,,,,
23,3,2026,146.7652,2000,13.6272,,,,,
24,3,2026,149.9003,2000,13.3422,,,,,
25,3,2026,153.0972,2000,13.0636,,,,,
27,3,2026,150.1123,2000,13.3234,,,,,
30,3,2026,146.633,2000,13.6395,,,,,
31,3,2026,146.6283,2000,13.6399,,,,,
1,4,2026,150.8528,2000,13.258,,,,,
2,4,2026,150.8545,2000,13.2578,,,,,
6,4,2026,152.5862,2000,13.1073,,,,,
7,4,2026,152.7439,2000,13.0938,,,,,
8,4,2026,157.7931,2000,12.6748,,,,,
9,4,2026,158.0224,2000,12.6564,,,,,
10,4,2026,160.7548,2000,12.4413,,,,,
13,4,2026,160.768,2000,12.4403,,,,,
15,4,2026,164.1808,2000,12.1817,,,,,
16,4,2026,165.3609,2000,12.0948,,,,,
17,4,2026,167.5142,2000,11.9393,,,,,
20,4,2026,168.0205,2000,11.9033,,,,,
21,4,2026,169.1486,2000,11.8239,,,,,
22,4,2026,170.4053,2000,11.7367,,,,,
23,4,2026,169.6947,2000,11.7859,,,,,
24,4,2026,168.0177,2000,11.9035,,,,,
27,4,2026,170.9873,2000,11.6968,,,,,
28,4,2026,170.7398,2000,11.7137,,,,,
29,4,2026,171.3521,2000,11.6719,,,,,
30,4,2026,170.4153,2000,11.736,,,,,
4,5,2026,172.3647,2000,11.6033,,,,,
5,5,2026,171.891,2000,11.6353,,,,,
6,5,2026,173.9171,2000,11.4997,,,,,
7,5,2026,176.2144,2000,11.3498,,,,,
8,5,2026,175.9523,2000,11.3667,,,,,
11,5,2026,174.214,2000,11.4801,,,,,
12,5,2026,170.2688,2000,11.7461,,,,,
13,5,2026,170.5927,2000,11.7238,,,,,
14,5,2026,171.6151,2000,11.654,,,,,
15,5,2026,171.705,2000,11.6479,,,,,
18,5,2026,169.7988,2000,11.7786,,,,,
19,5,2026,171.5438,2000,11.6588,,,,,
20,5,2026,171.7438,2000,11.6453,,,,,
21,5,2026,172.6763,2000,11.5824,,,,,
22,5,2026,172.7265,2000,11.579,,,,,
25,5,2026,174.2112,2000,11.4803,,,,,
26,5,2026,174.4783,2000,11.4627,,,,,
27,5,2026,175.1134,2000,11.4212,,,,,
29,5,2026,173.3141,2000,11.5397,,,,,
1,6,2026,171.0616,2000,11.6917,,,,,
2,6,2026,171.9559,2000,11.6309,,,,,
3,6,2026,171.7948,2000,11.6418,,,,,
4,6,2026,172.7039,2000,11.5805,,,,,
5,6,2026,172.9243,2000,11.5658,,,,,
8,6,2026,170.6932,2000,11.7169,,,,,
9,6,2026,172.4669,2000,11.5964,,,,,
10,6,2026,170.4211,2000,11.7356,,,,,
11,6,2026,168.9117,2000,11.8405,,,,,
12,6,2026,172.9727,2000,11.5625,,,,,
15,6,2026,175.6136,2000,11.3886,,,,,
16,6,2026,176.5955,2000,11.3253,,,,,
17,6,2026,177.8023,2000,11.2484,,,,,
18,6,2026,179.2173,2000,11.1596,,,,,
19,6,2026,179.9919,2000,11.1116,,,,,
22,6,2026,181.9194,2000,10.9939,,,,,
23,6,2026,180.6097,2000,11.0736,,,,,
24,6,2026,180.8409,2000,11.0594,,,,,
25,6,2026,179.7509,2000,11.1265,,,,,
29,6,2026,179.4503,2000,11.1451,,,,,
30,6,2026,180.3414,2000,11.0901,,,,,
1,7,2026,180.8991,2000,11.0559,,,,,
2,7,2026,181.9057,2000,10.9947,,,,,
3,7,2026,180.9301,2000,11.054,,,,,
